epoch,step,loss,pg_loss,kl,reward_mean,ic_mean,sharpe_mean,max_dd_mean,adv_abs_mean,ratio_mean,lr
1,1,2.1401252150535583,5.727633833885193e-07,21.4012451171875,1.3106893859803677,0.06306549813598394,1.2489943504333496,0.0013704411394428462,0.8020476847887039,1.0,5.714285714285715e-07
1,189,4.941674470901489,-3.3869097038063956e-07,49.416748046875,-0.21208452340215445,0.04000641545280814,-0.2390479533933103,0.013042986975051463,0.8826187402009964,1.0,7.630522088353415e-06
1,2,2.0381915867328644,4.0046870708465576e-08,20.38191509246826,0.7344572693109512,0.06631080526858568,0.6745928451418877,0.00644633561023511,0.8390367776155472,1.0,8.571428571428572e-07
1,3,2.0470134913921356,-7.171183824539185e-08,20.470134735107422,0.9076448082923889,0.045841171173378825,0.8632177710533142,0.0014141041028779,0.7985058575868607,1.0,1.142857142857143e-06
1,190,5.050845742225647,-7.064469773609972e-07,50.508463859558105,0.19209814071655273,0.0522300522425212,0.1463676616549492,0.006499531329609454,0.7636460363864899,1.0,7.670682730923695e-06
1,4,1.9806117713451385,-1.5925616025924683e-07,19.806118488311768,0.391828216612339,0.03530020476318896,0.3648137263953686,0.008285688032628968,0.8473429381847382,1.0,1.4285714285714286e-06
1,5,2.004895180463791,-6.984919309616089e-09,20.048951148986816,1.4785569906234741,0.027052519842982292,1.4518052786588669,0.00030087868981354404,0.8198293000459671,1.0,1.7142857142857145e-06
1,191,5.106218099594116,4.623240408285767e-07,51.062174797058105,0.33479064144194126,0.024886119063012302,0.3184308372437954,0.008526337624061853,0.799162894487381,1.0,7.710843373493977e-06
1,6,1.8324748277664185,6.868503987789154e-08,18.324747323989868,0.6860893666744232,-0.02664648462086916,0.7139017209410667,0.0011658876792353112,0.8119761943817139,1.0,2.0000000000000003e-06
1,7,2.20821550488472,1.4173565432429314e-07,22.0821533203125,0.039296090602874756,0.055016735568642616,-0.012795820832252502,0.002924832486314699,0.8176226168870926,1.0,2.285714285714286e-06
1,192,4.841284871101379,5.018276283408341e-07,48.412841796875,-0.14409112744033337,0.051433705957606435,-0.18656987138092518,0.008955001452704892,0.7633022218942642,1.0,7.751004016064258e-06
1,8,1.857172966003418,2.1117739379405975e-07,18.571727514266968,1.0283168628811836,0.09457262582145631,0.9359521195292473,0.002207862773502711,0.8327170759439468,1.0,2.571428571428571e-06
1,9,1.8680207431316376,-7.171183824539185e-08,18.6802077293396,0.22144089452922344,0.0600952903914731,0.16628152877092361,0.00493590420592227,0.7985354065895081,1.0,2.8571428571428573e-06
1,193,5.216719150543213,-4.2902926367105465e-07,52.16719627380371,0.48851474467664957,0.09802743000909686,0.39789929427206516,0.007411963306367397,0.8369487822055817,1.0,7.79116465863454e-06
1,10,1.7310070991516113,3.781169652938843e-07,17.31006693840027,0.7099733203649521,0.0024723110254853964,0.7094061858952045,0.0019051704366574995,0.8723578751087189,1.0,3.142857142857143e-06
1,11,2.021596997976303,5.355104804039001e-07,20.21596336364746,0.9620526693761349,0.021047216607257724,0.9425299223512411,0.001524458872154355,0.8397461026906967,1.0,3.428571428571429e-06
1,194,5.121338486671448,3.7004551489694393e-07,51.213379859924316,0.08962614461779594,0.038965148967690766,0.06652934849262238,0.015868354123085737,0.773725762963295,1.0,7.83132530120482e-06
1,12,2.2431241869926453,-3.8929283618927e-07,22.43124485015869,-0.07998071424663067,0.03197886794805527,-0.10607446916401386,0.005885126272914931,0.7905516177415848,1.0,3.7142857142857146e-06
1,13,2.114697426557541,1.0151416063308716e-07,21.14697265625,1.0704836398363113,0.06791237666038796,1.0035958960652351,0.0010246418842143612,0.8658839762210846,1.0,4.000000000000001e-06
1,195,5.647920727729797,-2.2972623270334225e-07,56.47920799255371,-0.08061789814382792,0.04396086232736707,-0.11041347775608301,0.014165278524160385,0.8551864176988602,1.0,7.8714859437751e-06
1,14,1.873364895582199,2.738088369369507e-07,18.733645915985107,0.5307306796312332,0.06341175734996796,0.46892860531806946,0.0016096705658128485,0.8285567164421082,1.0,4.2857142857142855e-06
1,15,2.0308617055416107,-4.936009645462036e-08,20.308616638183594,1.1475334167480469,0.0864199586212635,1.061539113521576,0.0004256605498085264,0.8548274338245392,1.0,4.571428571428572e-06
1,196,5.515214204788208,4.967052547044659e-08,55.15213966369629,-0.08427459560334682,0.07030129700433463,-0.14380495622754097,0.010770960172521882,0.8153013586997986,1.0,7.911646586345381e-06
1,16,1.9663369953632355,1.1362135410308838e-07,19.663368701934814,1.2949637863785028,0.04219504341017455,1.2542031221091747,0.0014344125866045943,0.8561562597751617,1.0,4.857142857142858e-06
1,17,2.003845065832138,-3.1013041734695435e-07,20.038454055786133,0.3451024740934372,0.035507588559994474,0.3140709102153778,0.00447601948690135,0.8111562579870224,1.0,5.142857142857142e-06
1,197,5.174593091011047,-2.576659179354124e-07,51.74593162536621,0.21117030421737581,0.04474121006205678,0.1725085088983178,0.006079399987356737,0.8343379944562912,1.0,7.951807228915663e-06
1,18,1.9785673320293427,-2.682209014892578e-07,19.785675525665283,0.4624384827911854,0.042992787435650826,0.42370257899165154,0.004256836720742285,0.8221304267644882,1.0,5.428571428571429e-06
1,19,2.0430852472782135,4.917383193969727e-07,20.430847644805908,0.3169141113758087,0.07961668027564883,0.24392669275403023,0.00662924754578853,0.8479135036468506,1.0,5.7142857142857145e-06
1,198,5.407666563987732,4.445513066553275e-07,54.07666015625,0.5776047119870782,0.04568294854834676,0.543869161978364,0.011947402039368171,0.8213915377855301,1.0,7.991967871485944e-06
1,20,2.1519224643707275,-1.9371509552001953e-07,21.51922607421875,0.6880987361073494,0.09376505389809608,0.5961582101881504,0.0018245096143800765,0.8510380685329437,1.0,6e-06
1,21,2.02736634016037,2.2258609533309937e-07,20.273661136627197,-0.0036534294486045837,0.057802217081189156,-0.057596661150455475,0.0038589913165196776,0.8189999908208847,1.0,6.285714285714286e-06
1,199,5.136776328086853,4.74353629487112e-07,51.367756843566895,0.3912211521528661,0.06968193175271153,0.3301913533359766,0.008652176746863915,0.8171728253364563,1.0,8.032128514056226e-06
1,22,2.027472198009491,6.891787052154541e-08,20.274721145629883,0.25877778977155685,0.007306939456611872,0.2560782730579376,0.0046074279489403125,0.7886038720607758,1.0,6.571428571428572e-06
1,23,2.0392671823501587,2.1513551473617554e-07,20.392669677734375,-0.09085601568222046,0.027629025280475616,-0.11464214324951172,0.0038429000123869628,0.8446543216705322,1.0,6.857142857142858e-06
1,200,5.0748370885849,-1.4357889455141049e-07,50.748372077941895,0.6104262955486774,0.026430925354361534,0.5887929652817547,0.004797535065335978,0.828783392906189,1.0,8.072289156626508e-06
1,24,2.024227350950241,-7.350463420152664e-07,20.24228024482727,0.21253149211406708,-0.011601660400629044,0.22828835248947144,0.004155187314609066,0.8695123344659805,1.0,7.1428571428571436e-06
1,25,1.8804689943790436,-7.525086402893066e-07,18.804697513580322,-0.03051014244556427,0.070543572306633,-0.0958833396434784,0.0051703304634429514,0.7600814700126648,1.0,7.428571428571429e-06
1,201,5.357767701148987,-4.3461721332960224e-08,53.57767677307129,-0.010605853516608477,0.05703120306134224,-0.053867503767833114,0.013769550947472453,0.7973822206258774,1.0,8.112449799196788e-06
1,26,1.9227182865142822,7.71600753068924e-07,19.227174758911133,0.8323678858578205,0.07673862716183066,0.7567591480910778,0.0011300150945317,0.7726807594299316,1.0,7.714285714285716e-06
1,27,2.100437432527542,-2.6333145797252655e-07,21.00437641143799,0.7007765248417854,0.06217606831341982,0.6403448395431042,0.0017443532269680873,0.8517029881477356,1.0,8.000000000000001e-06
1,202,4.875602126121521,-1.9053307198646507e-07,48.756022453308105,0.41802697721868753,0.008750160224735737,0.41437669238075614,0.0050998595979763195,0.8504975140094757,1.0,8.152610441767069e-06
1,28,2.13298636674881,-4.284083843231201e-08,21.329864025115967,0.3463699221611023,0.044675323530100286,0.30492787063121796,0.003233275536331348,0.7969260662794113,1.0,8.285714285714287e-06
1,29,1.8234989941120148,-2.3795291781425476e-07,18.234992027282715,-0.05823083221912384,0.05211169458925724,-0.10548780113458633,0.0048547245969530195,0.7631341069936752,1.0,8.571428571428571e-06
1,203,4.728555202484131,-1.2734283885151854e-06,47.28556251525879,0.3468478098511696,0.011758569424273446,0.3426964804530144,0.007607174680742901,0.7861408144235611,1.0,8.19277108433735e-06
1,30,1.7927357256412506,8.400529623031616e-07,17.927348136901855,0.6778884008526802,0.02051138540264219,0.6586094126105309,0.0012324445124249905,0.8716076761484146,1.0,8.857142857142858e-06
1,31,1.7875232994556427,-5.587935447692871e-07,17.8752384185791,0.08022929914295673,0.0023639947758056223,0.07971306517720222,0.001847779261879623,0.8085466027259827,1.0,9.142857142857144e-06
1,204,5.400182843208313,-4.4913032226645555e-07,54.0018310546875,-0.034669436514377594,0.0718670591013506,-0.09145667497068644,0.015079807955771685,0.8484744280576706,1.0,8.232931726907631e-06
1,32,2.067446231842041,-7.459893822669983e-07,20.674468994140625,0.11870314925909042,0.07994868233799934,0.042800627648830414,0.004046148147608619,0.7106879204511642,1.0,9.42857142857143e-06
1,33,1.9570045173168182,4.705507308244705e-07,19.570040464401245,0.8488521501421928,0.038286228431388736,0.8121896237134933,0.0016237071540672332,0.8120562434196472,1.0,9.714285714285715e-06
1,205,4.944677710533142,-1.0803342043175235e-07,49.446778297424316,0.3610431086272001,0.040151926688849926,0.32781575061380863,0.006924562796484679,0.8274087607860565,1.0,8.273092369477911e-06
1,34,1.7350812554359436,1.1688098311424255e-07,17.35081124305725,0.48918198700994253,0.03994025802239776,0.452250137925148,0.0030083978199400008,0.8418141305446625,1.0,1e-05
1,35,2.0554696321487427,3.7997961044311523e-07,20.554692268371582,0.5446996167302132,-0.0009717000648379326,0.549214780330658,0.0035434201708994806,0.8575188964605331,1.0,1e-05
1,206,5.418636679649353,4.881682531543419e-07,54.18636131286621,0.0603267177939415,0.019029500428587198,0.0530360322445631,0.011738827219232917,0.7860111594200134,1.0,8.313253012048194e-06
1,36,1.9352014362812042,-2.8870999813079834e-08,19.352014541625977,-0.030227139592170715,0.043540315062273294,-0.06822796911001205,0.005539485136978328,0.8192660957574844,1.0,9.999945845889795e-06
1,37,1.7719101309776306,-5.494803190231323e-08,17.719101190567017,-0.35642295703291893,0.01234148081857711,-0.3630630597472191,0.005701375310309231,0.8040117174386978,1.0,9.999783384732242e-06
1,207,4.7067824602127075,-6.274009791695789e-07,47.06783103942871,0.6470028758049011,0.0830900885630399,0.5658506490290165,0.0019378515353309922,0.7675867676734924,1.0,8.353413654618474e-06
1,38,1.9878272414207458,3.166496753692627e-07,19.878268718719482,-0.25484202802181244,0.01651210617274046,-0.26516401395201683,0.006190125917783007,0.8235418349504471,1.0,9.999512620046523e-06
1,39,2.149430066347122,1.9511207938194275e-07,21.494297981262207,0.6385138183832169,0.0647013233974576,0.5754195004701614,0.001607006517588161,0.8385384231805801,1.0,9.99913355769784e-06
1,40,1.8740838170051575,-1.0477378964424133e-07,18.74083924293518,0.24910454265773296,0.09561438206583261,0.15838812291622162,0.004897979029919952,0.8299559503793716,1.0,9.99864620589731e-06
1,208,5.030463814735413,-9.114543750854409e-07,50.304646492004395,0.2685871012508869,0.059247804660117254,0.21722118835896254,0.007881876255851239,0.8117557168006897,1.0,8.393574297188756e-06
1,41,2.1398982107639313,4.5634806156158447e-07,21.398977279663086,1.0081986412405968,0.020321568474173546,0.9885901287198067,0.0007130833546398208,0.7237969636917114,1.0,9.998050575201772e-06
1,42,2.4759587049484253,3.650784492492676e-07,24.75958251953125,0.40934442868456244,0.1104662474244833,0.30125616304576397,0.002378006567596458,0.7567346543073654,1.0,9.99734667851357e-06
1,209,5.238265156745911,2.0582228899002075e-07,52.382649421691895,0.2738423440605402,0.02231421586475335,0.25551834888756275,0.003990195924416184,0.8024294376373291,1.0,8.433734939759038e-06
1,43,2.1592237055301666,6.183981895446777e-07,21.592230319976807,0.8153042271733284,0.06451655924320221,0.7526647001504898,0.0018770971064441255,0.8331636339426041,1.0,9.99653453108026e-06
1,44,1.933411717414856,3.8067810237407684e-07,19.334113121032715,0.09109202027320862,-0.007274769013747573,0.10270218551158905,0.004335404039011337,0.806668296456337,1.0,9.995614150494293e-06
1,210,4.8733192682266235,-3.203749607827433e-07,48.733195304870605,0.41176253370940685,0.031001228373497725,0.3852596804499626,0.004498349589994177,0.797720804810524,1.0,8.473895582329319e-06
1,45,2.2931060791015625,-4.1117891669273376e-07,22.93106460571289,0.9462353810667992,0.059449438005685806,0.8884080275893211,0.0016220976831391454,0.8310961723327637,1.0,9.994585556692624e-06
1,46,1.9157513976097107,-4.284083843231201e-08,19.157514095306396,0.21931209601461887,0.030909004621207714,0.1909047905355692,0.0025016840954776853,0.8110390305519104,1.0,9.993448771956285e-06
1,211,4.981198191642761,7.854153594166746e-07,49.81197166442871,0.5417608320713043,0.0642078910022974,0.4812999442219734,0.0037470062379725277,0.7761283814907074,1.0,8.514056224899599e-06
1,47,1.9755675494670868,-2.0675361156463623e-07,19.755677223205566,1.1952516660094261,-0.010626240400597453,1.2061658203601837,0.0002878583654819522,0.8313624411821365,1.0,9.992203820909906e-06
1,48,1.9490324258804321,-6.200280040502548e-07,19.49032998085022,1.4669783040881157,0.0626183501444757,1.4051461145281792,0.0007861404010327533,0.7950544357299805,1.0,9.99085073052117e-06
1,212,4.84888231754303,1.187746738295914e-06,48.488810539245605,0.5925846695899963,0.02215540176257491,0.5795311406254768,0.009101954250127164,0.8265198171138763,1.0,8.55421686746988e-06
1,49,2.1781750917434692,3.948807716369629e-07,21.78174638748169,1.3128437921404839,0.07561892829835415,1.2384229898452759,0.001198164201923646,0.8056948930025101,1.0,9.989389530100242e-06
1,50,2.172958165407181,-3.03611159324646e-07,21.72958469390869,0.4903104826807976,0.009035131544806063,0.48468414694070816,0.00340877499547787,0.8138156086206436,1.0,9.987820251299121e-06
1,213,5.101033449172974,6.767611293589937e-08,51.010334968566895,0.20720720617100596,0.06215288024395704,0.16112222988158464,0.01606791844824329,0.8021821975708008,1.0,8.594377510040161e-06
1,51,2.361371099948883,1.9231811165809631e-07,23.61370849609375,0.3260693922638893,0.02764700399711728,0.3043977990746498,0.005975372856482863,0.7870606184005737,1.0,9.986142928110972e-06
1,52,2.160545438528061,-3.166496753692627e-08,21.605454444885254,0.3544986918568611,0.019712215987965465,0.3414579704403877,0.006671470357105136,0.800954133272171,1.0,9.984357596869369e-06
1,214,5.320251107215881,-2.483526841956518e-07,53.202513694763184,0.31117651239037514,0.041205052635632455,0.2759697213768959,0.0059982322418363765,0.7813186347484589,1.0,8.634538152610442e-06
1,53,2.2833582758903503,-6.51925802230835e-08,22.833582878112793,0.1517910035327077,0.07760399277321994,0.07758250087499619,0.0033954824320971966,0.8321115672588348,1.0,9.982464296247523e-06
1,54,1.9203375279903412,-1.8492573872208595e-07,19.20337677001953,0.5080101154744625,0.0586222019046545,0.4526035934686661,0.003215655277017504,0.8376568555831909,1.0,9.980463067257437e-06
1,215,5.394433856010437,1.9501507608765678e-07,53.9443359375,0.15293604135513306,0.060049263876862824,0.10340105160139501,0.010514283552765846,0.7985040694475174,1.0,8.674698795180724e-06
1,55,2.2343554496765137,2.905726432800293e-07,22.34355115890503,0.4308667704463005,0.043372237123548985,0.38904953747987747,0.0015550522512057796,0.864764466881752,1.0,9.978353953249023e-06
1,56,2.4097825288772583,-5.960464477539063e-08,24.097825050354004,0.4933786392211914,0.023181022086646408,0.4726281613111496,0.002430530934361741,0.8383805900812149,1.0,9.976136999909156e-06
1,216,4.8735514879226685,1.3659398057086491e-08,48.735514640808105,0.1494812648743391,0.03487784964454477,0.12191626522690058,0.007312849338632077,0.8481205552816391,1.0,8.714859437751004e-06
1,57,2.1095400750637054,3.3527612686157227e-08,21.09540033340454,0.9634416848421097,0.049342147540301085,0.914871945977211,0.0007724231545580551,0.8131483495235443,1.0,9.973812255260692e-06
1,58,2.1305178701877594,-9.406358003616333e-08,21.305179119110107,1.0189256146550179,0.06954068853519857,0.9512451183982193,0.0018601746123749763,0.7671444863080978,1.0,9.971379769661422e-06
1,217,5.191308975219727,2.769132354529802e-07,51.9130859375,0.22935296222567558,0.05438220768701285,0.18084551766514778,0.005874774768017232,0.8268133252859116,1.0,8.755020080321286e-06
1,59,2.285489499568939,4.079192876815796e-07,22.8548903465271,-0.000515475869178772,0.009570273803547025,-0.004796585068106651,0.005289196880767122,0.836746022105217,1.0,9.968839595802982e-06
1,60,2.257717490196228,-4.988396540284157e-07,22.577179431915283,-0.2288668230175972,0.04437252809293568,-0.26818493008613586,0.00505440856795758,0.8094025254249573,1.0,9.966191788709716e-06
1,218,5.206389427185059,8.959322865820241e-07,52.063883781433105,0.020143951755017042,0.03841936308890581,-0.004195998888462782,0.014079425018280745,0.8361193537712097,1.0,8.795180722891567e-06
1,61,2.4705300331115723,4.949979484081268e-07,24.70529556274414,0.03894065320491791,0.06106358044780791,-0.010842859745025635,0.011280095619440544,0.8716094642877579,1.0,9.963436405737476e-06
1,62,2.23492494225502,-1.7578713595867157e-08,22.3492488861084,0.17867327120620757,0.06604663329198956,0.1149480789899826,0.0023214330431073904,0.8800565749406815,1.0,9.960573506572391e-06
1,219,4.923835515975952,-7.442043674643628e-07,49.238362312316895,0.0668459846638143,0.023258732981048524,0.052974190562963486,0.009386934849317186,0.7638616412878036,1.0,8.835341365461849e-06
1,63,2.2517881095409393,-2.551823854446411e-07,22.517884254455566,-0.04027639143168926,0.07785218302160501,-0.11498112417757511,0.0031474570350837894,0.8097598403692245,1.0,9.957603153229559e-06
1,64,2.2475401759147644,-2.1833693608641624e-07,22.475403785705566,0.6679901573807001,0.05588526884093881,0.6153107862919569,0.003205902816262096,0.8421983420848846,1.0,9.95452541005172e-06
1,220,4.834847569465637,3.969810880022351e-07,48.348469734191895,0.12129460088908672,0.023739906959235668,0.11087718978524208,0.013322493352461606,0.7781521826982498,1.0,8.87550200803213e-06
1,65,2.1833080053329468,1.7904676496982574e-07,21.833077430725098,0.6625967882573605,0.07379185780882835,0.5924786048417445,0.003673651968711056,0.8019469976425171,1.0,9.951340343707852e-06
1,66,2.2847547829151154,-2.4959444999694824e-07,22.847550868988037,0.5655626067891717,0.046075410093180835,0.5218712380155921,0.0023840641661081463,0.8220388144254684,1.0,9.948048023191728e-06
1,221,4.8271613121032715,5.320956404375465e-07,48.2716064453125,0.1809462122619152,0.03360792633611709,0.15299678221344948,0.0056585447455290705,0.7783152759075165,1.0,8.91566265060241e-06
1,67,2.6054753065109253,3.6368146538734436e-07,26.05474853515625,0.458248358219862,0.043656958267092705,0.41590384021401405,0.0013124609158694511,0.8487055450677872,1.0,9.94464851982042e-06
1,68,2.1766178607940674,-5.4016709327697754e-08,21.766178607940674,0.2531361309811473,0.04246662138029933,0.2134620756842196,0.0027925762988161296,0.7862432301044464,1.0,9.941141907232766e-06
1,222,5.151424050331116,-2.1917124115589104e-07,51.51424217224121,0.3571300059556961,0.05676879273960367,0.3141404688358307,0.013779280547169037,0.8304742574691772,1.0,8.955823293172692e-06
1,69,2.227854400873184,-1.0654330253601074e-06,22.278554439544678,0.960882157087326,0.08049070788547397,0.8813117891550064,0.0009202808651025407,0.8110726624727249,1.0,9.937528261387753e-06
1,70,2.6697234511375427,-1.5861587598919868e-07,26.697235107421875,0.550187885761261,0.07986466772854328,0.4731747582554817,0.002851513709174469,0.7993615567684174,1.0,9.933807660562898e-06
1,223,5.393622875213623,-1.0933727168094265e-06,53.93623924255371,0.5418869033455849,0.06716460548341274,0.47967372834682465,0.004951400158461183,0.8548672944307327,1.0,8.995983935742972e-06
1,71,2.261048913002014,-1.0151416063308716e-07,22.61048936843872,-0.17278849333524704,0.02762903179973364,-0.19614842906594276,0.004269079756340943,0.8095533698797226,1.0,9.929980185352525e-06
1,72,2.5835995972156525,-2.5099143385887146e-07,25.83599853515625,0.3506547659635544,0.04147045034915209,0.31371214985847473,0.004527827026322484,0.8384237289428711,1.0,9.926045918666045e-06
1,224,4.963700294494629,-1.6251579015857942e-07,49.63700294494629,0.07492513209581375,0.03377764392644167,0.05082094483077526,0.009673440246842802,0.792286291718483,1.0,9.036144578313254e-06
1,73,2.383248209953308,-2.3950633476488292e-08,23.832481384277344,0.40215830504894257,0.026559762365650386,0.3810649737715721,0.0054664644922013395,0.8344421535730362,1.0,9.922004945726142e-06
1,74,2.376595437526703,-7.066410034894943e-07,23.765960693359375,0.6310086697340012,0.03172946581616998,0.6005369126796722,0.0012576372473631636,0.8365498185157776,1.0,9.91785735406693e-06
1,225,4.962475061416626,-6.003926062980725e-07,49.624754905700684,0.1517257117666304,0.06164617440663278,0.09761606529355049,0.007536494405940175,0.8504651635885239,1.0,9.076305220883535e-06
1,75,2.269741952419281,1.7695128917694092e-07,22.697418212890625,0.7484021224081516,0.0967516079545021,0.6558693032711744,0.004218844784190878,0.7703399658203125,1.0,9.913603233532067e-06
1,76,2.3707979917526245,2.1047890186309814e-07,23.707977294921875,0.015213936567306519,0.04511254699900746,-0.025357350707054138,0.004541253903880715,0.7878077775239944,1.0,9.909242676272797e-06
1,226,4.866389989852905,-1.0617075218988248e-07,48.66390037536621,-0.053106486797332764,0.06113612512126565,-0.10535025596618652,0.0088923629373312,0.8100886046886444,1.0,9.116465863453817e-06
1,77,2.5820913314819336,-1.4866236597299576e-06,25.820927619934082,0.9912524595856667,0.049869126291014254,0.9427751102484763,0.0013918420008849353,0.8051782101392746,1.0,9.904775776745959e-06
1,78,2.678457200527191,-4.637986421585083e-07,26.784576416015625,0.43519677221775055,0.05376563500612974,0.383874817751348,0.0024436464300379157,0.7864011228084564,1.0,9.90020263171194e-06
1,227,4.585054576396942,2.7939687896605392e-08,45.85054588317871,0.2514370493590832,0.012199243763461709,0.2452156636863947,0.005977860724669881,0.8463588058948517,1.0,9.156626506024097e-06
1,79,2.3894562125205994,3.585591912269592e-08,23.894561767578125,0.6751232370734215,0.02871770248748362,0.6529916673898697,0.00658610524260439,0.9011985212564468,1.0,9.89552334023258e-06
1,80,2.530475437641144,4.9639493227005e-07,25.30474853515625,0.32033712044358253,0.07719065132550895,0.24614637345075607,0.002999894000822678,0.8803233355283737,1.0,9.890738003669029e-06
1,228,4.858992099761963,-5.123826483099947e-07,48.58992576599121,0.32590426318347454,0.04213837021961808,0.29315481055527925,0.009388910373672843,0.7891309708356857,1.0,9.196787148594378e-06
1,81,2.4727728366851807,5.576875992119312e-07,24.72772216796875,0.9649760071188211,0.08998997043818235,0.8765936680138111,0.0016076743122539483,0.7257317751646042,1.0,9.88584672567954e-06
1,82,2.5007659792900085,-3.899913281202316e-09,25.007659912109375,0.3969247415661812,0.058644898468628526,0.3417461887001991,0.003466337322606705,0.8014122396707535,1.0,9.880849612217238e-06
1,229,4.771607160568237,7.761021656449429e-07,47.716064453125,0.7799731753766537,-0.007107488578185439,0.7898866534233093,0.002806025280733593,0.767699733376503,1.0,9.23694779116466e-06
1,83,2.4242128133773804,1.0803341865539551e-07,24.242126941680908,0.8014781698584557,0.0684603862464428,0.7338540256023407,0.0008362452208530158,0.7825484573841095,1.0,9.875746771527817e-06
1,84,2.4049930572509766,2.1862797439098358e-07,24.049927234649658,1.1328633055090904,0.050149404094554484,1.0837123095989227,0.0009984224452637136,0.8347258865833282,1.0,9.870538314147194e-06
1,230,4.800963759422302,-8.083880143061606e-07,48.0096435546875,0.057306090369820595,0.05753190582618117,0.008772103115916252,0.008997906115837395,0.8339291214942932,1.0,9.27710843373494e-06
1,85,2.1598445177078247,-4.78699803352356e-07,21.59844970703125,0.9907040372490883,0.027800881769508123,0.9636614844202995,0.0007582430916954763,0.8069452196359634,1.0,9.86522435289912e-06
1,86,2.4904207587242126,1.6100239008665085e-07,24.904205322265625,-0.1720261387526989,0.08176089450716972,-0.24890043959021568,0.004886598224402405,0.8159338682889938,1.0,9.859805002892733e-06
1,231,4.898860335350037,-2.2817403078079224e-07,48.988606452941895,0.13270140439271927,0.06143322307616472,0.0844939574599266,0.013225745962699875,0.8101479709148407,1.0,9.317269076305222e-06
1,87,2.7470855712890625,-6.05359673500061e-08,27.470856189727783,1.0113390441983938,0.03200321365147829,0.9800972528755665,0.0007614103669766337,0.8138479143381119,1.0,9.85428038152006e-06
1,88,2.4201693534851074,-2.454034984111786e-07,24.20169496536255,0.9107491597533226,0.07360554463230073,0.8393741758191027,0.0022305051534203812,0.7861165255308151,1.0,9.84865060845349e-06
1,232,4.902933359146118,-2.5269883963119355e-07,49.02933692932129,-0.2868254519999027,0.01815063343383372,-0.28300026431679726,0.021975804964313284,0.7866024672985077,1.0,9.357429718875503e-06
1,89,2.2920628786087036,-1.387670636177063e-07,22.920629501342773,0.40341595746576786,0.010462928097695112,0.3961415942758322,0.0031885571024758974,0.854495033621788,1.0,9.842915805643156e-06
1,90,2.3544734716415405,-4.6659260988235474e-07,23.54473876953125,0.7228388711810112,0.025957579724490643,0.6985742002725601,0.0016928534023463726,0.8569193929433823,1.0,9.83707609731432e-06
1,233,4.540486812591553,2.731880499595718e-08,45.40486717224121,0.06393109913915396,0.03335638385033235,0.03637935407459736,0.0058046415651915595,0.7696357518434525,1.0,9.397590361445785e-06
1,91,2.489111602306366,1.94646418094635e-07,24.89111328125,0.3822907581925392,0.023466368671506643,0.3607230857014656,0.0018986921495525166,0.8942786753177643,1.0,9.831131609964664e-06
1,92,2.4852781891822815,-2.4354085326194763e-07,24.852784156799316,1.1330728977918625,-0.012725794455036521,1.147134754806757,0.0013360322336666286,0.8037375956773758,1.0,9.825082472361558e-06
1,93,2.5765520334243774,1.5478581190109253e-06,25.765503883361816,-0.3885258948430419,0.06328247068449855,-0.4440664779394865,0.0077419407534762286,0.8620276302099228,1.0,9.818928815539266e-06
1,234,5.469247102737427,5.504892470753475e-07,54.69246292114258,0.2637517601251602,0.0315172816044651,0.23923281207680702,0.006998387456405908,0.8148037493228912,1.0,9.437751004016065e-06
1,94,2.4295411705970764,5.587935447692871e-09,24.295411109924316,0.3414965718984604,0.023422415601089597,0.3196556866168976,0.001581508811796084,0.8795391917228699,1.0,9.812670772796113e-06
1,95,2.342389404773712,1.2177042663097382e-07,23.4238920211792,0.4819055311381817,0.019668084220029414,0.46456631645560265,0.002328839254914783,0.7929413318634033,1.0,9.806308479691595e-06
1,235,4.998474955558777,7.475416006208491e-07,49.9847412109375,0.18689759774133563,0.04647887888131663,0.14883905416354537,0.008420349971856922,0.8272242695093155,1.0,9.477911646586347e-06
1,96,2.504661440849304,-9.12696123123169e-08,25.04661512374878,0.39485739171504974,0.041046908241696656,0.35556263476610184,0.0017521480767754838,0.7989749312400818,1.0,9.799842074043438e-06
1,97,2.764331042766571,2.3748725652694702e-08,27.643310546875,0.6704731918871403,0.033469908870756626,0.6381114069372416,0.0011080951517214999,0.7786121815443039,1.0,9.793271695924621e-06
1,236,4.85466194152832,-1.171603809524413e-06,48.546630859375,0.4322790428996086,0.044738154392689466,0.39277156814932823,0.005230666225543246,0.8233667612075806,1.0,9.518072289156628e-06
1,98,2.6850711703300476,-2.3469328880310059e-07,26.85071325302124,0.7390546761453152,0.06429161317646503,0.6767162084579468,0.001953133032657206,0.788794606924057,1.0,9.786597487660336e-06
1,99,2.4856879711151123,6.817281246185303e-07,24.85687255859375,0.13615640997886658,0.033308482728898525,0.10903415828943253,0.006186235492350534,0.8709434866905212,1.0,9.779819593824909e-06
1,237,4.554464101791382,3.28446436270724e-07,45.544636726379395,0.15237535303458571,0.00987303163856268,0.14953713584691286,0.007034816284431145,0.8112142831087112,1.0,9.558232931726908e-06
1,100,2.5884165167808533,9.247160051018e-07,25.8841552734375,1.4011817276477814,0.11592956259846687,1.2853802740573883,0.0001281837230635574,0.8452948480844498,1.0,9.77293816123866e-06
1,101,2.921716094017029,-2.6496127247810364e-07,29.2171630859375,0.5358912274241447,0.055475625209510326,0.48312515020370483,0.002709522574150469,0.834861159324646,1.0,9.765953338964736e-06
1,238,4.536120891571045,1.5452195611942443e-07,45.3612060546875,0.4238699600100517,0.017618459649384022,0.41372548788785934,0.007474043076399539,0.8230513334274292,1.0,9.598393574297188e-06
1,102,2.7174596190452576,5.038455128669739e-07,27.174591064453125,-0.07174864411354065,0.05671536549925804,-0.12239506095647812,0.006069010865758173,0.8724615126848221,1.0,9.75886527830587e-06
1,103,2.8581793308258057,4.82192263007164e-07,28.581788063049316,0.7704976350069046,0.08735435269773006,0.684171125292778,0.0010278797199134715,0.8192494213581085,1.0,9.751674132801106e-06
1,239,5.095686912536621,-8.568167508826718e-08,50.956868171691895,0.5323611944913864,0.01924961037002504,0.5196334943175316,0.006521899855215452,0.8176557123661041,1.0,9.63855421686747e-06
1,104,2.5665711164474487,2.7939677238464355e-08,25.66571044921875,0.013288736343383789,-0.0033962579909712076,0.020759902894496918,0.004074896758538671,0.8680364936590195,1.0,9.744380058222483e-06
1,105,2.672244369983673,3.073364496231079e-08,26.722442626953125,0.08671978651545942,0.03294942993670702,0.06026998907327652,0.0064996475593943615,0.8226926922798157,1.0,9.736983212571646e-06
1,240,4.542867660522461,6.041179094751215e-07,45.428669929504395,0.08338174596428871,0.05259995604865253,0.046969933435320854,0.016188135399715975,0.8036779910326004,1.0,9.678714859437753e-06
1,106,2.555423229932785,-9.313225746154785e-08,25.554232597351074,0.08320317044854164,0.060341485776007175,0.027398522943258286,0.004536851774901152,0.8802188485860825,1.0,9.729483756076436e-06
1,107,2.385384976863861,-1.6042031347751617e-07,23.853851318359375,1.3155372589826584,0.012109422212233767,1.3036920130252838,0.0002641752071212977,0.8034539371728897,1.0,9.721881851187406e-06
1,241,4.938114881515503,3.433475774805572e-07,49.381144523620605,0.32378760547726415,0.03955124726053327,0.2911991276778281,0.006962785613723099,0.8150541186332703,1.0,9.718875502008033e-06
1,108,2.5646788477897644,-2.2165477275848389e-07,25.646790504455566,0.555146986618638,0.014229146298021078,0.5424767751246691,0.001558921270770952,0.8330406695604324,1.0,9.714177662574316e-06
1,109,2.789718985557556,3.4691765904426575e-07,27.897186279296875,0.30235782265663147,0.06882204115390778,0.2376980185508728,0.004162250363151543,0.842154860496521,1.0,9.70637135712256e-06
1,242,4.776496410369873,-1.0021419143413368e-06,47.76497459411621,0.0868944525718689,0.024396770822932012,0.07155992090702057,0.009062254219315946,0.7827737927436829,1.0,9.759036144578315e-06
1,110,3.1541264057159424,3.46451997756958e-07,31.541259765625,0.7719819732010365,0.05556955095380545,0.718938771635294,0.0025263429852202535,0.85163813829422,1.0,9.698463103929542e-06
1,111,2.8093600273132324,2.1775485947728157e-07,28.093597412109375,0.4055824726819992,0.05043850187212229,0.36008400470018387,0.0049400248972233385,0.7768304795026779,1.0,9.690453074301035e-06
1,243,5.092790007591248,2.6090614291263137e-07,50.927897453308105,0.45664539374411106,0.05018447246402502,0.41034983238205314,0.0038889144780114293,0.7974155694246292,1.0,9.799196787148595e-06
1,112,2.9218151569366455,1.1040829122066498e-06,29.2181396484375,0.383865050971508,0.0779488617554307,0.31099406257271767,0.005077908892417327,0.7872338443994522,1.0,9.682341441747446e-06
1,113,2.6702898144721985,1.6596168279647827e-06,26.702880859375,0.2336016520857811,0.033012667554430664,0.20583876967430115,0.005249840816759388,0.8118804097175598,1.0,9.674128381980073e-06
1,244,4.810583233833313,-2.769132407820507e-07,48.1058349609375,-0.0846572900773026,0.09305740799754858,-0.16172932367771864,0.015985371777787805,0.8307406157255173,1.0,9.839357429718876e-06
1,114,3.0426629781723022,-5.848705768585205e-07,30.4266357421875,0.393144185654819,0.07519798632711172,0.3216519206762314,0.0037057153167552315,0.7940061688423157,1.0,9.665814072907293e-06
1,115,2.654928684234619,7.450580596923828e-08,26.549285888671875,-0.09975546039640903,0.052335639018565416,-0.14605342829599977,0.006037695973645896,0.8256798982620239,1.0,9.657398694630713e-06
1,245,4.9026936292648315,-5.541369318962097e-08,49.026936531066895,0.13447174429893494,0.07610304746776819,0.06674546375870705,0.008376783807761967,0.8527543842792511,1.0,9.879518072289156e-06
1,116,2.5601163506507874,-4.908069968223572e-07,25.601167678833008,0.8064556643366814,0.03527527302503586,0.7727499380707741,0.0015694958383392077,0.7657445520162582,1.0,9.648882429441258e-06
1,117,2.568389356136322,5.522742867469788e-07,25.683887481689453,0.7619168013334274,0.002818712964653969,0.7597450315952301,0.0006469256113632582,0.811330258846283,1.0,9.640265461815235e-06
1,246,4.386926293373108,-1.1742426409000473e-07,43.8692626953125,0.4885457083582878,0.0026547623274382204,0.49094706028699875,0.005056115725892596,0.7996466010808945,1.0,9.919678714859438e-06
1,118,2.563800096511841,4.256144165992737e-07,25.637997150421143,0.2001006342470646,0.09548742091283202,0.10817158222198486,0.0035583877470344305,0.8440117985010147,1.0,9.63154797841033e-06
1,119,2.581701636314392,-1.3480894267559052e-07,25.8170166015625,0.5360244773328304,-0.006677130004391074,0.5444578640162945,0.001756264187861234,0.8132714629173279,1.0,9.622730168061568e-06
1,120,2.586746871471405,4.0908344089984894e-07,25.8674635887146,0.8257744759321213,0.09468629397451878,0.7319763600826263,0.0008882001420715824,0.852096289396286,1.0,9.613812221777212e-06
1,247,4.634572625160217,-1.9464641312083586e-06,46.345744132995605,-0.031053971499204636,0.06757079379167408,-0.08691248763352633,0.011712222010828555,0.8072301149368286,1.0,9.959839357429719e-06
1,121,2.9406009316444397,3.8743019104003906e-07,29.406005859375,0.42067617923021317,0.09142024628818035,0.3327264850959182,0.0034705773505265824,0.8921405375003815,1.0,9.604794332734647e-06
1,122,2.566241145133972,-2.905726432800293e-07,25.66241455078125,0.6466196831315756,0.08928692992776632,0.5592912193387747,0.001958495457074605,0.8499471694231033,1.0,9.595676696276173e-06
1,248,4.611938118934631,-4.3337544930466265e-07,46.119384765625,0.21762678865343332,0.02635471662506461,0.19925193767994642,0.007979807793162763,0.8268977999687195,1.0,1e-05
1,123,2.5056405067443848,7.140915840864182e-07,25.056396961212158,0.7862042784690857,0.035869716899469495,0.7508558332920074,0.0005213177646510303,0.8258098214864731,1.0,9.586459509904786e-06
1,124,2.7835514545440674,3.112945705652237e-07,27.835511684417725,0.28623443841934204,0.040345794055610895,0.25237174332141876,0.006483085599029437,0.7856420874595642,1.0,9.577142973279896e-06
1,249,4.730672001838684,-3.672515246355701e-07,47.306721687316895,0.2447093203663826,0.059820435009896755,0.1883787401020527,0.0034898201702162623,0.8283098042011261,1.0,1e-05
1,125,2.7204765677452087,-7.525086402893066e-07,27.20477294921875,0.9526720941066742,0.04876804887317121,0.9046954810619354,0.000791349753853865,0.8297663182020187,1.0,9.567727288213005e-06
1,126,2.726503908634186,-7.59027898311615e-07,27.26504611968994,0.03557198867201805,0.0931566171348095,-0.05413530394434929,0.0034493103448767215,0.7642897963523865,1.0,9.55821265866333e-06
1,250,4.8149003982543945,-3.5328167413695155e-07,48.14900779724121,-0.25758353527635336,0.07002551946789026,-0.3177315928041935,0.009877449774648994,0.8104793876409531,1.0,9.999998901332391e-06
1,127,2.751730442047119,-2.514570951461792e-08,27.517303466796875,0.41276671359082684,-0.020822419202886522,0.4372531140688807,0.003663982992293313,0.8953476548194885,1.0,9.548599290733393e-06
1,128,2.9880939722061157,-1.2228265404701233e-06,29.880950927734375,0.26149459928274155,0.05564875528216362,0.21200695156585425,0.006161068304209039,0.8428681045770645,1.0,9.538887392664544e-06
1,251,4.593315243721008,3.8991371553720455e-07,45.933146476745605,-0.19381792098283768,0.051061065518297255,-0.23025662638247013,0.014622351620346308,0.8795630931854248,1.0,9.999995605330048e-06
1,129,3.1460083723068237,6.146728992462158e-08,31.4600830078125,0.4119132086634636,0.05100512062199414,0.3651660606265068,0.004257966131262947,0.7661111652851105,1.0,9.529077174832466e-06
1,130,2.878967761993408,3.6437995731830597e-07,28.7896728515625,0.555857365950942,0.04380662692710757,0.5139915756881237,0.0019408806401770562,0.8536252379417419,1.0,9.519168849742603e-06
1,252,4.594983339309692,2.3810813498670313e-07,45.949830055236816,0.07647908292710781,0.057015826110728085,0.02590392529964447,0.006440674391342327,0.8246475458145142,1.0,9.999990111994417e-06
1,131,2.9899808168411255,-3.1944364309310913e-07,29.899810791015625,1.1377899497747421,0.08114058244973421,1.0572421699762344,0.0005927912297920557,0.808896854519844,1.0,9.50916263202557e-06
1,132,2.870465576648712,4.6566128730773926e-07,28.70465087890625,-0.004159953445196152,0.05200385628268123,-0.05106896907091141,0.0050948719144798815,0.832342267036438,1.0,9.499058738432492e-06
1,253,4.2803675532341,5.16573592790337e-07,42.803669929504395,0.5315303029492497,0.038074092008173466,0.5000597056932747,0.006603495665331138,0.8228549510240555,1.0,9.999982421327915e-06
1,133,3.0121251344680786,4.032626748085022e-07,30.121246337890625,0.7300245948135853,0.02039528964087367,0.7116799969226122,0.0020506786822807044,0.7699496001005173,1.0,9.488857387830315e-06
1,134,3.2125699520111084,-2.44705006480217e-07,32.125701904296875,0.165308129042387,0.030893472954630852,0.13956073415465653,0.00514605623902753,0.8449835479259491,1.0,9.478558801197065e-06
1,254,4.437699198722839,-4.62867317807536e-07,44.376994132995605,0.5210711322724819,-0.001091090263798833,0.5263973735272884,0.004235110614899895,0.7883561998605728,1.0,9.99997253333392e-06
1,135,2.9765928983688354,-1.1920928955078125e-07,29.76593017578125,0.6489745602011681,-0.008605093695223331,0.6587829440832138,0.0012032737140543759,0.8815610408782959,1.0,9.468163201617063e-06
1,136,3.286023497581482,5.271285772323608e-07,32.8602294921875,0.6594212725758553,0.10436513088643551,0.55686204880476,0.0018059348512906581,0.8595045059919357,1.0,9.457670814276083e-06
1,255,4.152079403400421,4.9980978134023246e-08,41.520792961120605,0.2257933197543025,0.012194023933261633,0.2194110108539462,0.005811728886328638,0.8282878249883652,1.0,9.999960448016778e-06
1,137,3.3989217877388,-1.0051298886537552e-06,33.989227294921875,0.5045096911489964,0.0763523206114769,0.42965117655694485,0.001493779185693711,0.8358301371335983,1.0,9.44708186645649e-06
1,138,3.086975634098053,3.74020601157099e-08,30.86975622177124,1.3011990040540695,0.06373734923545271,1.2379263862967491,0.0004647078167181462,0.8581697344779968,1.0,9.436396587532297e-06
1,256,4.713216662406921,2.6077031378690663e-07,47.13216209411621,0.546228090301156,0.03531065408606082,0.5148341450840235,0.003916703339200467,0.8483287990093231,1.0,9.9999461653818e-06
1,139,2.8268826603889465,-3.888271749019623e-07,28.268829345703125,0.11266843788325787,0.03240718599408865,0.0851740650832653,0.0049127963138744235,0.8803246468305588,1.0,9.425615208964217e-06
1,140,3.07593309879303,-7.890630513429642e-07,30.75933837890625,1.898389995098114,0.017289168667048216,1.8818220496177673,0.0007211983029264957,0.8428461998701096,1.0,9.414737964294636e-06
1,257,4.719547629356384,1.6344711051274885e-07,47.19547462463379,-0.014286031946539879,0.0852473508566618,-0.08846437418833375,0.011069017928093672,0.8180700987577438,1.0,9.999929685435263e-06
1,141,2.9509129524230957,2.9389047995209694e-07,29.50912618637085,0.0011451728641986847,0.031809010077267885,-0.02320142835378647,0.007462366484105587,0.7906840890645981,1.0,9.403765089142554e-06
1,142,2.8792998790740967,-6.612390279769897e-08,28.792999267578125,0.9128395840525627,0.056041622534394264,0.85800950974226,0.0012115384452044964,0.8393745422363281,1.0,9.392696821198488e-06
1,258,4.473449468612671,-3.9457034262113666e-07,44.734498023986816,0.3641058877110481,0.02202857164957095,0.34673314169049263,0.00465582637116313,0.8423130065202713,1.0,9.999911008184409e-06
1,143,2.8751587867736816,3.119930624961853e-08,28.751587390899658,0.45875659957528114,0.017975487338844687,0.44464999437332153,0.0038688785389240365,0.8367344886064529,1.0,9.381533400219319e-06
1,144,2.960149824619293,-3.6254641599953175e-07,29.60150146484375,-0.0605576541274786,0.10981641616672277,-0.16429486265406013,0.006079193408368155,0.8134066462516785,1.0,9.370275068023097e-06
1,259,4.644686698913574,6.707075073109081e-07,46.446858406066895,-0.14043140411376953,0.054787364962976426,-0.18610288947820663,0.009115949447732419,0.8130976110696793,1.0,9.999890133637445e-06
1,145,2.891824722290039,3.343448042869568e-07,28.918243885040283,1.230506919324398,0.0489054461941123,1.1834277659654617,0.0018263854726683348,0.7788765132427216,1.0,9.358922068483813e-06
1,146,3.0032379031181335,-6.51925802230835e-08,30.032379150390625,0.18389641866087914,0.048342784866690636,0.14490768313407898,0.009354035224532709,0.8413944095373154,1.0,9.347474647526095e-06
1,260,4.650355815887451,1.7144969177707026e-06,46.5035400390625,-0.36534086614847183,0.026658896822482347,-0.36765922605991364,0.02434054210607428,0.792167603969574,1.0,9.999867061803548e-06
1,147,2.9646735787391663,6.440095603466034e-07,29.646728515625,0.9604720696806908,0.04496925137937069,0.9161609187722206,0.0006580951157957315,0.8140676468610764,1.0,9.335933053119906e-06
1,148,3.053101420402527,7.499475032091141e-07,30.531005859375,0.7656014859676361,0.060181107837706804,0.7077308595180511,0.0023105638611014,0.809311106801033,1.0,9.324297535275156e-06
1,261,4.573974609375,-1.918524334953986e-07,45.73974609375,0.3814167380332947,0.010379854124039412,0.3800958376377821,0.009058930299943313,0.7898573130369186,1.0,9.999841792692852e-06
1,149,2.7293386459350586,-3.022141754627228e-07,27.293389320373535,0.322063572704792,0.07734424900263548,0.24807929061353207,0.0033599530288483948,0.8398082852363586,1.0,9.312568346036288e-06
1,150,3.0904473662376404,-7.511116564273834e-07,30.90447998046875,0.5495388209819794,0.05558765580644831,0.4951257221400738,0.0011745361553039402,0.8709763586521149,1.0,9.30074573947683e-06
1,262,4.738757014274597,-3.129243850708008e-07,47.3875732421875,0.30185254849493504,0.05242258869111538,0.25660728104412556,0.007177298597525805,0.870013639330864,1.0,9.999814326316468e-06
1,151,3.028818190097809,3.6228448152542114e-07,30.288177490234375,-0.33579612895846367,0.050517688039690256,-0.3811914026737213,0.0051224376511527225,0.7884821593761444,1.0,9.288829971693869e-06
1,152,3.3682708144187927,-1.816079020500183e-07,33.682708740234375,0.4436741496901959,0.07509238738566637,0.37078483309596777,0.0022030709242244484,0.8771105110645294,1.0,9.276821300802535e-06
1,263,5.169738292694092,-5.979091124430624e-07,51.6973876953125,0.3633265681564808,0.04107606329489499,0.32694364339113235,0.00469312779023312,0.7786921709775925,1.0,9.999784662686462e-06
1,153,2.7153897285461426,-3.8067810237407684e-07,27.153900146484375,0.4840375781059265,0.03332308505196124,0.4578165877610445,0.007102103874785826,0.8367839157581329,1.0,9.264719986930376e-06
1,154,2.9194610118865967,-1.449952833354473e-07,29.194610595703125,0.24862954765558243,0.06237260904163122,0.19002299010753632,0.0037660353336832486,0.8270951807498932,1.0,9.25252629221175e-06
1,155,3.0340757966041565,-2.514570951461792e-07,30.34075927734375,0.5823052115738392,0.09169405978173018,0.49307965114712715,0.0024685006210347638,0.8396259993314743,1.0,9.24024048078213e-06
1,264,4.732177376747131,-3.228584937176038e-07,47.32177734375,0.03373731981264427,0.031461013946682215,0.009779121726751328,0.0075027978455182165,0.7771755456924438,1.0,9.999752801815875e-06
1,156,3.338175058364868,5.736947059631348e-07,33.381744384765625,-0.18111178278923035,0.10790903680026531,-0.27871599048376083,0.01030488481046632,0.8141652792692184,1.0,9.227862818772392e-06
1,157,2.8097552061080933,4.6100467443466187e-08,28.097551345825195,0.2098674289882183,0.04208116990048438,0.17041506431996822,0.002628812100738287,0.8121647387742996,1.0,9.215393574303043e-06
1,265,4.5856112241744995,-9.850288158474996e-07,45.85611915588379,0.43919158540666103,0.0623682402074337,0.3854761738330126,0.008652825374156237,0.8147496730089188,1.0,9.999718743718703e-06
1,158,2.945888638496399,-7.124617695808411e-07,29.458892822265625,0.8874055668711662,0.025941892075934447,0.8624141961336136,0.0009504531626589596,0.8743200302124023,1.0,9.202833017478421e-06
1,159,3.0852941274642944,4.755565896630287e-07,30.852935791015625,0.5111993420869112,0.027939034160226583,0.4862549938261509,0.002994701688294299,0.8338448405265808,1.0,9.190181420380838e-06
1,266,4.268151640892029,-2.6201211156262616e-07,42.6815185546875,0.40590177942067385,0.02150973790412536,0.38769017346203327,0.003298128431197256,0.8340174704790115,1.0,9.999682488409917e-06
1,160,3.1074220538139343,2.9802322387695312e-08,31.07421875,0.3018652852624655,0.006031269993400201,0.3015013411641121,0.005667335521138739,0.8228565752506256,1.0,9.177439057064684e-06
1,161,3.271493911743164,2.5425106287002563e-07,32.714935302734375,-0.3369463700801134,0.08147872239351273,-0.41313688829541206,0.00528820336330682,0.8384625166654587,1.0,9.164606203550498e-06
1,267,4.950689315795898,-2.450620132266046e-06,49.506916999816895,0.26247066631913185,0.0913718705996871,0.18089386448264122,0.009794942965527298,0.870978057384491,1.0,9.999644035905447e-06
1,162,2.753521502017975,-2.682209014892578e-07,27.53521728515625,0.48086366802453995,0.031339075590949506,0.4584842026233673,0.00895959963236237,0.7930006831884384,1.0,9.151683137818989e-06
1,163,2.8361912965774536,2.5425106287002563e-07,28.361909866333008,0.6868243142962456,0.030061368830502033,0.6588070057332516,0.002044088876573369,0.8729443103075027,1.0,9.138670139805004e-06
1,268,4.803673982620239,-5.513429499615086e-07,48.0367431640625,0.06994764099363238,0.014778459444642067,0.07245495915412903,0.017285794427152723,0.7857868522405624,1.0,9.999603386222197e-06
1,164,2.8343778252601624,-2.0302832126617432e-07,28.343780517578125,0.47018024511635303,0.005916926253121346,0.46717798709869385,0.0029146602319087833,0.8240077644586563,1.0,9.125567491391476e-06
1,165,2.8776092529296875,-5.960464477539063e-08,28.776093006134033,0.70310328155756,0.03107353299856186,0.6740339919924736,0.002004265767027391,0.815481960773468,1.0,9.112375476403313e-06
1,269,5.2661755084991455,1.0641912524533836e-06,52.6617431640625,0.3299224339425564,0.04549786075949669,0.2921360246837139,0.00771148587227799,0.8167381882667542,1.0,9.999560539378025e-06
1,166,2.7830631732940674,1.2852251529693604e-07,27.83062982559204,0.37992643658071756,0.08680927692330442,0.29482904076576233,0.0017118808173108846,0.8569308221340179,1.0,9.099094380601244e-06
1,167,2.71905517578125,-5.3085386753082275e-08,27.1905517578125,0.3795940335839987,0.09115536231547594,0.2930543124675751,0.00461560397525318,0.8395147025585175,1.0,9.085724491675642e-06
1,270,4.994144678115845,-7.015964342826919e-08,49.941447257995605,0.17588537652045488,0.06474807485938072,0.12065009027719498,0.009512804914265871,0.8298524022102356,1.0,9.999515495391765e-06
1,168,2.5837258100509644,-1.2014061212539673e-07,25.83725881576538,0.12273801863193512,0.03893167432397604,0.08694806741550565,0.003141722292639315,0.8535866886377335,1.0,9.072266099240286e-06
1,169,2.7943180203437805,5.4016709327697754e-08,27.9431791305542,0.9010795261710882,0.03758498374372721,0.8663627151399851,0.0028682467382168397,0.8251546621322632,1.0,9.058719494826076e-06
1,271,5.049404740333557,-1.3262033746741508e-06,50.494059562683105,0.5548321679234505,0.09812800865620375,0.4589192746207118,0.002215066211647354,0.7914372533559799,1.0,9.999468254283211e-06
1,170,3.1746764183044434,-1.3224780559539795e-07,31.74676513671875,-0.4645058736205101,0.06988143920898438,-0.5287800990045071,0.005607209401205182,0.8169387429952621,1.0,9.045084971874738e-06
1,171,2.7080690264701843,1.3969838619232178e-07,27.0806884765625,0.5275847464799881,0.03589098551310599,0.4945537969470024,0.002860020546904707,0.8499598950147629,1.0,9.031362825732456e-06
1,272,5.0090092420578,3.8867195462088944e-07,50.090087890625,0.37811486423015594,0.02563243731856346,0.3596128448843956,0.007130412821425125,0.8124481439590454,1.0,9.999418816073123e-06
1,172,2.72493577003479,-1.3783574104309082e-07,27.249359130859375,0.8096640259027481,0.03130819322541356,0.7797097265720367,0.0013538625062210485,0.8452294617891312,1.0,9.017553353643479e-06
1,173,2.8054444193840027,-8.335337042808533e-08,28.054443359375,1.098704308271408,0.030910349683836102,1.0683668106794357,0.00057287271192763,0.7626044303178787,1.0,9.003656854743667e-06
1,273,4.963147044181824,7.978328397939549e-08,49.6314697265625,0.8318789526820183,0.02411710424348712,0.8124339878559113,0.004672091163229197,0.8587722480297089,1.0,9.99936718078323e-06
1,174,3.057584285736084,-3.5288394428789616e-07,30.57584571838379,-0.06245795637369156,0.04204064980149269,-0.09998272359371185,0.004515871609328315,0.8185772597789764,1.0,8.989673630054044e-06
1,175,2.9850316047668457,3.8743019104003906e-07,29.850311279296875,0.8713699951767921,0.03227980760857463,0.8401840254664421,0.0010938509076368064,0.8160613626241684,1.0,8.97560398247424e-06
1,274,4.977901101112366,4.439304923664622e-08,49.779011726379395,0.20848979195579886,0.04299549665302038,0.17106403829529881,0.005569736094912514,0.8190297037363052,1.0,9.999313348436222e-06
1,176,2.845605790615082,3.105960786342621e-07,28.4560546875,0.1467047892510891,0.017405748862074688,0.13555059023201466,0.006251571394386701,0.7660924643278122,1.0,8.961448216775955e-06
1,177,2.9430944323539734,4.3818727135658264e-07,29.430938720703125,0.5141066387295723,0.019205118049285375,0.4978940635919571,0.0029925625713076442,0.8343208283185959,1.0,8.947206639596346e-06
1,178,2.902292311191559,2.8219074010849e-07,29.022919178009033,1.691506177186966,0.035333642503246665,1.6563258171081543,0.00015337405966420192,0.8225484639406204,1.0,8.932879559431392e-06
1,275,5.998799443244934,-3.6569934014352157e-07,59.98799705505371,-0.5537571534514427,0.06936707028944511,-0.5945572629570961,0.028566977474838495,0.830872654914856,1.0,9.999257319055758e-06
1,179,2.938580811023712,-1.9185245037078857e-07,29.385809421539307,-0.21207920461893082,0.031522156903520226,-0.2377607673406601,0.005840566380356904,0.8405481725931168,1.0,8.9184672866292e-06
1,180,3.1165502071380615,3.259629011154175e-07,31.16549777984619,0.4450591132044792,0.06755338702350855,0.381299190223217,0.0037934657011646777,0.8053585588932037,1.0,8.903970133383297e-06
1,276,5.1939321756362915,-1.1300047630946608e-06,51.9393310546875,-0.32367783412337303,0.05967214214615524,-0.3702313043177128,0.013118664035573602,0.8745574802160263,1.0,9.999199092666458e-06
1,181,3.0307281017303467,-8.288770914077759e-08,30.307281494140625,0.7708712518215179,0.06823355611413717,0.7042972110211849,0.0016595186316408217,0.8379101604223251,1.0,8.889388413725857e-06
1,182,2.945517063140869,-3.725290298461914e-08,29.455170154571533,-0.20116688311100006,0.06196755915880203,-0.2593580186367035,0.0037764264561701566,0.8295505493879318,1.0,8.874722443520898e-06
1,277,4.901693224906921,5.103647945370327e-07,49.016926765441895,0.4127107337117195,0.03782161371782422,0.38228514045476913,0.007396018962026574,0.8166095465421677,1.0,9.999138669293913e-06
1,183,3.0954286456108093,1.1548399925231934e-07,30.95428466796875,0.7555541023612022,0.079704943113029,0.6785057708621025,0.002656648648553528,0.8658619225025177,1.0,8.859972540457451e-06
1,184,3.043194830417633,1.601874828338623e-07,30.43194580078125,0.5583325074985623,0.031077134946826845,0.5311393206939101,0.0038839263725094497,0.8253011405467987,1.0,8.845139024042664e-06
1,278,5.8863489627838135,3.582487408948509e-07,58.86348533630371,0.5353090912103653,0.04894360573962331,0.4917079880833626,0.005342498538084328,0.8227254003286362,1.0,9.999076048964677e-06
1,185,3.579110860824585,1.5273690223693848e-07,35.791107177734375,0.8078507892787457,0.0004076866898685694,0.8087395634502172,0.001296480797464028,0.7797390073537827,1.0,8.83022221559489e-06
1,186,3.357584297657013,6.686896085739136e-07,33.575836181640625,0.5166202336549759,0.06281715573277324,0.4588252082467079,0.005022135796025395,0.8563255965709686,1.0,8.815222438236726e-06
1,279,5.09015679359436,-3.1571834568921986e-07,50.90157127380371,-0.03813856095075607,0.015243399888277054,-0.04351367428898811,0.00986829272005707,0.7830705493688583,1.0,9.99901123170627e-06
1,187,3.134585440158844,-3.781169652938843e-07,31.345857620239258,0.7277572695165873,0.06014598673209548,0.6718868799507618,0.004275544109987095,0.8479991108179092,1.0,8.800140016888009e-06
1,188,2.9229528307914734,5.862675607204437e-07,29.229522705078125,-0.03054526448249817,0.05140131898224354,-0.07488609850406647,0.007060526724671945,0.8091747611761093,1.0,8.784975278258783e-06
1,280,5.304732322692871,5.091229926534879e-08,53.047322273254395,-0.10365441720932722,0.04986510379239917,-0.1457696557044983,0.0077498649479821324,0.8368443697690964,1.0,9.998944217547176e-06
1,189,2.9355950951576233,-6.963964551687241e-07,29.35595703125,0.8416400291025639,0.07966018840670586,0.7642648369073868,0.002284967151354067,0.7817209362983704,1.0,8.769728550842217e-06
1,190,3.5487059354782104,-1.9301660358905792e-07,35.487060546875,1.1066576316952705,0.08913697674870491,1.018168292939663,0.0006476069193013245,0.8467556983232498,1.0,8.754400164907496e-06
1,281,5.329967737197876,-6.121894102761871e-07,53.2996826171875,0.3072866569273174,0.07911705365404487,0.23834541626274586,0.010175789007917047,0.7815008908510208,1.0,9.998875006516845e-06
1,191,3.1741217374801636,5.979090929031372e-07,31.7412109375,0.41117624938488007,0.06429997179657221,0.3480013608932495,0.001125108181440737,0.8099174648523331,1.0,8.73899045249266e-06
1,192,3.1968812942504883,9.685754776000977e-08,31.96881103515625,1.3556406535208225,0.0007834187708795071,1.357791880145669,0.00293464919377584,0.8510636389255524,1.0,8.723499747397415e-06
1,282,5.567919731140137,-1.1144827283260383e-07,55.679198265075684,-0.1851139534264803,0.006670159287750721,-0.17432407289743423,0.017460060364101082,0.8217030763626099,1.0,9.998803598645694e-06
1,193,3.086340546607971,1.3224780559539795e-07,30.863403797149658,1.0555582270026207,0.010959487000945956,1.0453596077859402,0.0007608816667925566,0.8634336888790131,1.0,8.707928385175898e-06
1,194,3.1795076727867126,1.5739351511001587e-07,31.795074462890625,1.449675478041172,0.05442606541328132,1.3967750277370214,0.0015257354243658483,0.8395031541585922,1.0,8.692276703129421e-06
1,283,5.511650323867798,5.927868329536068e-07,55.116496086120605,0.32009241729974747,0.06133161624893546,0.2651749327778816,0.0064141507900785655,0.8042866885662079,1.0,9.998729993965104e-06
1,195,3.0218568444252014,1.4156103134155273e-07,30.21856689453125,0.4582865461707115,0.042647043243050575,0.4180619716644287,0.002422492780169705,0.8454377204179764,1.0,8.676545040299145e-06
1,196,3.0336470007896423,1.0505318641662598e-06,30.336458206176758,0.1097811758518219,0.004202189622446895,0.1125260591506958,0.006947121335542761,0.8036928772926331,1.0,8.660733737458751e-06
1,284,5.1055907011032104,-7.202227614300227e-08,51.055907249450684,0.4535655006766319,0.03352141845971346,0.42471112683415413,0.004667025961680338,0.8483414202928543,1.0,9.998654192507421e-06
1,197,3.15196293592453,4.507601261138916e-07,31.51962375640869,0.24489077180624008,0.0439542614039965,0.20522164553403854,0.004285166964109521,0.8173865228891373,1.0,8.644843137107058e-06
1,198,3.0496615171432495,1.7066486179828644e-07,30.496612548828125,0.001747630536556244,0.05315145291388035,-0.04359825327992439,0.007805560453562066,0.8143464922904968,1.0,8.628873583460593e-06
1,199,3.167324483394623,-3.394670784473419e-07,31.673248291015625,0.9402747191488743,0.055179576855152845,0.8875582441687584,0.0024630383049952798,0.7873249650001526,1.0,8.61282542244614e-06
1,285,5.2940428256988525,-4.4043796076920216e-07,52.940430641174316,0.005483370274305344,0.027038246393203735,-0.014728641137480736,0.006826224853284657,0.7896565645933151,1.0,9.998576194305962e-06
1,200,2.5381499528884888,-1.3783574104309082e-07,25.381500244140625,0.7270582187920809,0.054519141325727105,0.6741736270487309,0.001634536063647829,0.8442123532295227,1.0,8.596699001693257e-06
1,201,2.988299548625946,-9.499490261077881e-08,29.88299560546875,-0.09874625690281391,0.04799523181281984,-0.14337905123829842,0.0033624392235651612,0.8457901775836945,1.0,8.580494670526726e-06
1,286,5.745344638824463,-3.8277358527238903e-07,57.45344924926758,-0.09399658534675837,0.0547156548127532,-0.13270355761051178,0.016008689650334418,0.8147582411766052,1.0,9.998495999394998e-06
1,202,2.9637150168418884,3.1478703022003174e-07,29.63714599609375,-0.020287979394197464,0.053153407759964466,-0.07144230976700783,0.0019990751752629876,0.8254262506961823,1.0,8.564212779959003e-06
1,203,3.3547275066375732,2.1327286958694458e-07,33.547271728515625,0.42210306227207184,0.05524401133880019,0.3706681430339813,0.0038091231836006045,0.8634395748376846,1.0,8.547853682682605e-06
1,287,5.342269778251648,5.997717451577955e-07,53.42268943786621,-0.5828139502555132,0.02617513477889588,-0.5706112217158079,0.03837784065399319,0.8112399578094482,1.0,9.998413607809777e-06
1,204,3.3360994458198547,1.0291114449501038e-07,33.360992431640625,0.9807346314191818,0.04324993211776018,0.9404331296682358,0.0029484665210475214,0.7809328883886337,1.0,8.531417733062476e-06
1,205,3.444754123687744,8.288770914077759e-08,34.447540283203125,0.02556605637073517,0.07581112324260175,-0.0458281934261322,0.004416880925418809,0.7793761938810349,1.0,8.51490528712831e-06
1,288,5.412162184715271,-9.406358003616333e-08,54.12162208557129,0.11189507326344028,0.050676423124969006,0.07738830614835024,0.01616963860578835,0.8159143328666687,1.0,9.998329019586503e-06
1,206,3.478115439414978,-5.098991096019745e-07,34.781158447265625,0.23661882057785988,0.04421850689686835,0.1973569393157959,0.004956603952450678,0.8440286219120026,1.0,8.498316702566828e-06
1,207,2.9579288959503174,3.3550895750522614e-07,29.579285144805908,0.1826457167044282,0.06749510765075684,0.11863461881875992,0.0034840095904655755,0.8067364543676376,1.0,8.481652338714048e-06
1,289,5.7768553495407104,-8.381903415788372e-08,57.768553733825684,-0.19413264701142907,0.043123042210936546,-0.2215583799406886,0.015697302762418985,0.8055794537067413,1.0,9.998242234762352e-06
1,208,3.282333731651306,3.3015385270118713e-07,32.823333740234375,-0.12103869765996933,0.012077456223778427,-0.12306533753871918,0.010050844721263275,0.7510476857423782,1.0,8.464912556547486e-06
1,209,3.526123523712158,4.5821070671081543e-07,35.26123046875,-0.09854000806808472,0.0032697245478630066,-0.09489896893501282,0.006910787749802694,0.7930602878332138,1.0,8.44809771867835e-06
1,290,5.217289447784424,-5.4016692729863536e-08,52.172892570495605,0.4762834756402299,0.04930665757274255,0.42998781614005566,0.00301096637849696,0.8202368915081024,1.0,9.998153253375464e-06
1,210,3.2771092653274536,4.7404319047927856e-07,32.771087646484375,-0.022111430764198303,0.024669263046234846,-0.042653835378587246,0.00412686332128942,0.8081970512866974,1.0,8.43120818934367e-06
1,211,2.9626004099845886,-3.473833203315735e-07,29.626007080078125,0.5107742883265018,0.0713038551621139,0.4413370452821255,0.001866597456682939,0.8148099929094315,1.0,8.414244334398418e-06
1,291,5.061519742012024,2.1886079437649641e-07,50.61519432067871,0.5555914007127285,0.05281347036361694,0.5063955187797546,0.0036176530993543565,0.813911646604538,1.0,9.998062075464943e-06
1,212,3.0731990933418274,-5.420297384262085e-07,30.731995582580566,0.4516163766384125,0.00031934422440826893,0.45376522839069366,0.002468161459546536,0.821012556552887,1.0,8.397206521307584e-06
1,213,3.5033573508262634,3.816094249486923e-07,35.0335693359375,0.8056836947798729,0.055989605374634266,0.7511281669139862,0.0014341318637889344,0.8041875511407852,1.0,8.38009511913821e-06
1,292,5.543909072875977,3.458311148563098e-07,55.439087867736816,0.4671214632689953,0.04923634137958288,0.42220255732536316,0.004317419952712953,0.8676472157239914,1.0,9.997968701070858e-06
1,214,3.387246251106262,-4.824250936508179e-07,33.872467041015625,1.0046096965670586,0.04780912713613361,0.9580926448106766,0.0012920444423798472,0.8268151879310608,1.0,8.362910498551402e-06
1,215,3.113070845603943,-3.344612196087837e-07,31.130712509155273,0.9978728219866753,0.06642240571090952,0.9326267167925835,0.001176303720967553,0.8048423677682877,1.0,8.345653031794292e-06
1,293,5.038134932518005,2.1855036536067018e-07,50.38134765625,0.6933365017175674,0.028827036207076162,0.6665456183254719,0.0020361270726425573,0.8101277053356171,1.0,9.997873130234244e-06
1,216,3.252249777317047,5.802139639854431e-07,32.522491455078125,0.17023765295743942,0.0869697853922844,0.08577969670295715,0.0025118601370195393,0.8837743848562241,1.0,8.328323092691985e-06
1,217,3.4573001861572266,2.9476359486579895e-07,34.572998046875,0.35180534631945193,0.036391468020156026,0.31724164937622845,0.0018277929193573073,0.7886915057897568,1.0,8.310921056639451e-06
1,294,5.294910192489624,1.673276202041052e-07,52.949097633361816,0.14548869989812374,0.013601773651316762,0.14348190277814865,0.011594982031965628,0.7986890524625778,1.0,9.997775362997102e-06
1,218,2.91748970746994,7.35744833946228e-08,29.174896240234375,0.672989085316658,0.02401452325284481,0.6506759747862816,0.001701401502941735,0.8382938802242279,1.0,8.293447300593402e-06
1,219,3.2129310369491577,7.330672815442085e-07,32.129302978515625,0.5839949920773506,0.029383583460003138,0.5562692228704691,0.001657830027397722,0.823723316192627,1.0,8.275902203064125e-06
1,295,5.494657516479492,-5.8983758322028734e-08,54.946574211120605,0.03254236769862473,0.056841651909053326,-0.0055824946612119675,0.01871680188924074,0.857811689376831,1.0,9.997675399402395e-06
1,220,2.803519129753113,2.5331974029541016e-07,28.03518772125244,0.5954013206064701,0.050154418451711535,0.5473142117261887,0.0020673306134995073,0.8191914856433868,1.0,8.258286144107277e-06
1,221,3.5296601057052612,3.346940502524376e-08,35.296600341796875,0.5457507520914078,0.017674175556749105,0.5291039645671844,0.001027362908644136,0.7778167724609375,1.0,8.240599505315656e-06
1,296,5.709371447563171,4.1102369863210697e-07,57.09370994567871,-0.3366697896271944,0.06834734557196498,-0.3876278456300497,0.017389283690135926,0.8100590854883194,1.0,9.997573239494058e-06
1,222,3.524441421031952,-1.0896474123001099e-07,35.244415283203125,0.29615120589733124,0.035856920294463634,0.26487458497285843,0.004580302367685363,0.8484078347682953,1.0,8.222842669810936e-06
1,223,2.9791871309280396,-3.1455419957637787e-07,29.791873931884766,-0.08183406852185726,0.025716290110722184,-0.10374217666685581,0.0038081528764450923,0.8337440490722656,1.0,8.20501602223537e-06
1,224,3.1331124901771545,9.362120181322098e-07,31.33111572265625,0.821108378469944,0.031666581984609365,0.7906747944653034,0.001233031704032328,0.8953689336776733,1.0,8.18711994874345e-06
1,297,5.337332606315613,-5.344239424331931e-07,53.37333106994629,0.5093486234545708,0.03862569038756192,0.4767026752233505,0.00597973499679938,0.8298802077770233,1.0,9.997468883316984e-06
1,225,3.446215569972992,-2.9243528842926025e-07,34.462158203125,0.7400609850883484,0.0703339776955545,0.6709601804614067,0.0012331755533523392,0.8493656665086746,1.0,8.16915483699355e-06
1,226,3.3891817927360535,2.2817403078079224e-07,33.891815185546875,0.20182932447642088,0.032700221287086606,0.17726427782326937,0.008135203272104263,0.8291015923023224,1.0,8.151121076139534e-06
1,298,5.773380994796753,3.2347938372367935e-07,57.733805656433105,-0.016213715076446533,0.023667283909162506,-0.03117469698190689,0.008706305176019669,0.8013404905796051,1.0,9.997362330917032e-06
1,227,2.9500274062156677,-1.0337680578231812e-07,29.500274658203125,-0.20611519366502762,0.02559964603278786,-0.22773802280426025,0.003976831183535978,0.8615677058696747,1.0,8.133019056822303e-06
1,228,3.3700985312461853,-4.367902874946594e-07,33.70098876953125,1.1737549863755703,0.015973111614584923,1.159147322177887,0.0013653412461280823,0.8581522852182388,1.0,8.11484917116136e-06
1,299,5.774438381195068,-3.13545232000223e-08,57.744384765625,0.48445405112579465,0.06562547944486141,0.4248566322494298,0.006028091716871131,0.8216073364019394,1.0,9.997253582341033e-06
1,229,3.655700206756592,-5.35743311047554e-07,36.5570068359375,0.6311857886612415,0.07587824249640107,0.5585795164224692,0.0032719620794523507,0.8212103843688965,1.0,8.096611812746302e-06
1,230,3.8115872740745544,-2.8312206268310547e-07,38.115875244140625,-0.3509434089064598,0.016152295749634504,-0.3568998873233795,0.010195779061177745,0.785606637597084,1.0,8.078307376628293e-06
1,300,5.894335746765137,-7.729977369308472e-08,58.94335746765137,0.15647530648857355,0.0306623512879014,0.13164488930488005,0.005831938120536506,0.8035815805196762,1.0,9.997142637636776e-06
1,231,3.8299532532691956,2.0212610252201557e-07,38.299530029296875,0.5138282775878906,0.07316564489156008,0.44182194396853447,0.0011593160743359476,0.7901410907506943,1.0,8.059936259311514e-06
1,232,3.3247438073158264,-3.0710361897945404e-07,33.24743938446045,1.2391049712896347,0.04302578995702788,1.196614921092987,0.0005356833135010675,0.8283765017986298,1.0,8.041498858744572e-06
1,301,5.914025545120239,-4.693865869320746e-07,59.1402587890625,0.4102020375430584,0.061377041041851044,0.3552337735891342,0.006408758032193873,0.8030115067958832,1.0,9.997029496853019e-06
1,233,3.407318353652954,2.4400651454925537e-07,34.07318115234375,0.7630750834941864,0.008373614866286516,0.7627795338630676,0.008078034967184067,0.7807070910930634,1.0,8.022995574311876e-06
1,302,5.681734323501587,4.889443516731262e-08,56.81734085083008,0.35862027388066053,0.03332528960891068,0.33501292020082474,0.009717949491459876,0.81316177546978,1.0,9.996914160039482e-06
1,234,3.4224586486816406,7.003545761108398e-07,34.224578857421875,0.24148701131343842,0.06341911572963,0.18245825171470642,0.004390381523990072,0.8233407288789749,1.0,8.004426806824985e-06
1,235,3.5224738121032715,6.631016731262207e-07,35.2247314453125,0.4800949841737747,0.0017006979323923588,0.48489395529031754,0.0064996990986401215,0.8448440581560135,1.0,7.985792958513932e-06
1,303,5.683837532997131,-4.5324364794652183e-07,56.83837890625,0.4372864719480276,0.06152548594400287,0.3815509680425748,0.0057899567182175815,0.8057157695293427,1.0,9.99679662724685e-06
1,236,3.3590272068977356,3.213062882423401e-08,33.59027099609375,0.38658834993839264,0.061146714724600315,0.32854267954826355,0.0031010766197141493,0.8270581513643265,1.0,7.967094433018508e-06
1,237,3.6067294478416443,3.0919909477233887e-07,36.067291259765625,0.15547017753124237,0.0287023582495749,0.13453325629234314,0.007765478396322578,0.8890017867088318,1.0,7.948331635379517e-06
1,304,5.793432116508484,-5.72452933056411e-07,57.934326171875,-0.21935330517590046,0.04895495995879173,-0.2550438893958926,0.013264358742162585,0.8248300403356552,1.0,9.996676898526778e-06
1,238,3.3783384561538696,-1.555308699607849e-07,33.78338623046875,0.6473843455314636,0.05701469769701362,0.5914561524987221,0.0010864755859074648,0.8508651554584503,1.0,7.929504972030003e-06
1,239,3.2311341166496277,-1.4901161193847656e-08,32.31134080886841,-0.3920059949159622,0.04438798502087593,-0.42720116674900055,0.009192873927531764,0.8811803311109543,1.0,7.910614850786448e-06
1,305,6.040256500244141,1.725740776059581e-06,60.402546882629395,0.2553787901997566,0.07577363774180412,0.19462037086486816,0.015015269149444066,0.8216448724269867,1.0,9.996554973931884e-06
1,240,3.14034104347229,-2.775341272354126e-07,31.40341281890869,1.07263545691967,0.012978612445294857,1.0604744851589203,0.0008175688853953034,0.8215306401252747,1.0,7.891661680839934e-06
1,241,3.4034422636032104,-2.738088369369507e-07,34.034423828125,-0.3519863933324814,0.05315196420997381,-0.4012663718312979,0.0038719480799045414,0.8285754323005676,1.0,7.872645872747281e-06
1,306,6.042309880256653,3.6507842615662867e-07,60.423094749450684,-0.002510860562324524,0.037388502387329936,-0.029406152665615082,0.010493236244656146,0.7992327213287354,1.0,9.996430853515746e-06
1,242,3.3883975744247437,2.334127202630043e-07,33.88397264480591,1.4953236281871796,0.06566171534359455,1.4301882907748222,0.0005263871571514755,0.8372161984443665,1.0,7.85356783842216e-06
1,243,3.4142773151397705,-3.450550138950348e-07,34.142775535583496,0.9835214726626873,0.03594925254583359,0.9485303672263399,0.0009581575650372542,0.7906248569488525,1.0,7.834427991126155e-06
1,244,3.1255374550819397,4.3585896492004395e-07,31.25537109375,0.45333799906075,0.021481868345290422,0.43688300624489784,0.005026928313327517,0.7886182516813278,1.0,7.815226745459831e-06
1,307,5.558350086212158,4.650404257233731e-07,55.583495140075684,-0.15531176887452602,0.022404282550269272,-0.16431407630443573,0.01340197294484824,0.8125322908163071,1.0,9.996304537332913e-06
1,245,3.165328800678253,-1.9650906324386597e-07,31.653289794921875,0.3983835428953171,0.0440358305349946,0.35853615775704384,0.004188438004348427,0.779434472322464,1.0,7.795964517353736e-06
1,246,2.9667150378227234,5.192123353481293e-07,29.667144775390625,-0.2925638579763472,0.07346782647073269,-0.3584548868238926,0.007576844946015626,0.8694067299365997,1.0,7.776641724059398e-06
1,308,5.613541841506958,7.202228324842963e-08,56.135416984558105,0.25459373742341995,0.04851406696252525,0.21168944449163973,0.005609774845652282,0.8180508464574814,1.0,9.996176025438895e-06
1,247,3.006204068660736,-2.2910535335540771e-07,30.062042236328125,0.037164099514484406,0.00026377802714705467,0.04212871193885803,0.005228346431977116,0.7694116979837418,1.0,7.757258784140286e-06
1,248,3.5319706797599792,4.838220775127411e-07,35.3197021484375,0.6987510360777378,0.09396922029554844,0.6088920459151268,0.004110235007829033,0.8358317762613297,1.0,7.737816117462752e-06
1,309,5.324902296066284,-1.4466544051572328e-07,53.2490234375,0.37869053333997726,0.00843730487395078,0.37469174712896347,0.004438547941390425,0.8247468918561935,1.0,9.996045317890171e-06
1,249,3.146158218383789,4.3446198105812073e-07,31.461578369140625,0.7491868734359741,0.033738821279257536,0.7167198210954666,0.0012718347752525005,0.7339650392532349,1.0,7.718314145186918e-06
1,250,3.003976345062256,-5.587935447692871e-08,30.039764404296875,0.9235530644655228,0.011168595927301794,0.9132106751203537,0.0008261987195510301,0.8219542056322098,1.0,7.698753289757565e-06
1,310,5.8526318073272705,-1.0120372024857716e-06,58.52632713317871,0.3481963984668255,0.0967694092541933,0.25827822112478316,0.006851187099528033,0.7869851440191269,1.0,9.995912414744182e-06
1,251,3.5522461533546448,2.7241185307502747e-08,35.5224609375,0.5128788575530052,0.08933655172586441,0.4265398010611534,0.002997491945279762,0.7816019952297211,1.0,7.679133974894984e-06
1,252,3.026855170726776,-3.371387720108032e-07,30.2685546875,0.05656217783689499,0.01142845582216978,0.05066215991973877,0.0055284197587752715,0.8363309055566788,1.0,7.65945662558579e-06
1,311,5.814543128013611,3.2037496211501093e-07,58.145426750183105,-0.2107817530632019,0.04737273044884205,-0.24067402631044388,0.017480462382081896,0.8438748419284821,1.0,9.995777316059333e-06
1,253,3.6104859709739685,8.993083611130714e-08,36.1048583984375,0.7766401469707489,0.10693206079304218,0.6719327419996262,0.0022246832959353924,0.8114828765392303,1.0,7.639721668073718e-06
1,254,2.984979748725891,4.942994564771652e-07,29.84979248046875,0.1674881875514984,0.039491684176027775,0.13648497126996517,0.0084884810494259,0.8331746011972427,1.0,7.619929529850397e-06
1,312,5.4546709060668945,-2.3966034712330497e-07,54.546711921691895,-0.13100256910547614,0.023216782603412867,-0.139520650729537,0.014698725426569581,0.8219302892684937,1.0,9.995640021894996e-06
1,255,3.138464093208313,-2.859160304069519e-07,31.3846435546875,1.5310346446931362,0.015432476822752506,1.516496816650033,0.0008945950103225186,0.8365750014781952,1.0,7.600080639646077e-06
1,256,3.563525140285492,-2.561137080192566e-07,35.63525390625,0.11348286271095276,0.03605430759489536,0.08099403232336044,0.0035654504390549846,0.8420901000499725,1.0,7.580175427420358e-06
1,313,6.132902026176453,-1.6841416083934746e-07,61.329020500183105,-0.12965090572834015,0.01631606789305806,-0.13145212084054947,0.014514877955662087,0.8191625773906708,1.0,9.99550053231151e-06
1,257,3.6902440786361694,1.210719347000122e-08,36.90244007110596,1.4862120151519775,0.03390425001271069,1.4530854523181915,0.0007776467100484297,0.7336954027414322,1.0,7.560214324352858e-06
1,258,3.4227845072746277,-3.725290298461914e-09,34.22784423828125,0.13630255684256554,0.0471359696239233,0.09422022616490722,0.005053647575550713,0.8040554970502853,1.0,7.54019776283389e-06
1,314,6.14759886264801,-3.864988483148757e-07,61.47599220275879,-0.10369392856955528,0.046571276121539995,-0.1361036691814661,0.014161545201204717,0.8230723738670349,1.0,9.995358847370174e-06
1,259,3.5531129837036133,1.4808028936386108e-07,35.5311279296875,0.422607421875,0.012568274978548288,0.41171861439943314,0.0016794596158433706,0.8643747270107269,1.0,7.520126176455085e-06
1,260,3.395419478416443,3.702007234096527e-08,33.95419359207153,0.6190210841596127,0.014558798167854548,0.6065014624036849,0.002039143757428974,0.8432956337928772,1.0,7.500000000000001e-06
1,315,5.919804215431213,2.75671472316219e-07,59.198039054870605,0.07578698359429836,0.05544644733890891,0.02992520621046424,0.009584677929524332,0.772920161485672,1.0,9.995214967133253e-06
1,261,3.2673744559288025,-4.901085048913956e-08,32.673743724823,0.5226429030299187,0.024387545767240226,0.5010101720690727,0.002754805413132999,0.8229630887508392,1.0,7.479819669434712e-06
1,262,3.328538239002228,4.423782229423523e-08,33.28538179397583,-0.028908390551805496,0.06824800465255976,-0.09261072613298893,0.004545683099422604,0.8711578100919724,1.0,7.459585621898353e-06
1,316,5.405689120292664,5.181258184716597e-07,54.056884765625,0.25211807899177074,0.053035866003483534,0.20808535814285278,0.009003139177366393,0.8480613529682159,1.0,9.99506889166398e-06
1,263,3.3090776205062866,1.8998980522155762e-07,33.09077501296997,0.33068179339170456,0.009890484157949686,0.32720252126455307,0.006411150883650407,0.8572452217340469,1.0,7.4392982956936644e-06
1,264,3.384088099002838,-3.3527612686157227e-08,33.84088134765625,0.8717673160135746,0.08476182632148266,0.7882460542023182,0.0012405942106852308,0.882639467716217,1.0,7.418958130277483e-06
1,317,5.5277873277664185,3.166494866313485e-08,55.277873039245605,0.6140271846670657,0.047922010300680995,0.5705297905951738,0.004424602103881625,0.8138134330511093,1.0,9.994920621026545e-06
1,265,3.3602263927459717,-8.568167686462402e-08,33.602264404296875,1.1470192074775696,0.026666983496397734,1.123706042766571,0.003353822641656734,0.8337024301290512,1.0,7.398565566251232e-06
1,266,3.3140199184417725,2.3283064365386963e-08,33.14019775390625,0.5879383124411106,0.06711535807698965,0.530837170779705,0.01001421113323886,0.8333860039710999,1.0,7.378121045351378e-06
1,318,6.203662276268005,2.5363018529844794e-07,62.036620140075684,-0.04734417423605919,0.02338017406873405,-0.05315806344151497,0.017566295515280217,0.8357794433832169,1.0,9.994770155286116e-06
1,267,3.4788025617599487,8.492497727274895e-08,34.78802490234375,0.4672507271170616,0.10557648539543152,0.36296338587999344,0.0012891544902231544,0.8468709588050842,1.0,7.357625010439853e-06
1,268,3.5760870575904846,6.570480763912201e-07,35.7608642578125,0.5348945744335651,0.080214680172503,0.4566078558564186,0.0019280031556263566,0.792558953166008,1.0,7.337077905494472e-06
1,319,6.178014874458313,-2.8374294025468316e-07,61.7801513671875,0.2087626550346613,0.025024923030287027,0.1969664664939046,0.013228734373115003,0.8268825262784958,1.0,9.994617494508811e-06
1,269,3.6576228737831116,-5.494803190231323e-07,36.57623291015625,0.7148232087492943,0.04145257384516299,0.6764903645962477,0.003119691085885279,0.8479824513196945,1.0,7.31648017559931e-06
1,270,3.2118378281593323,-1.471489667892456e-07,32.118377685546875,0.6419633105397224,0.07573989871889353,0.5675241611897945,0.0013007550005568191,0.8376337885856628,1.0,7.295832266935059e-06
1,320,6.311335921287537,-4.768371679730876e-07,63.11336326599121,0.48440817557275295,0.06202900502830744,0.4259019261226058,0.0035227389016654342,0.8125915378332138,1.0,9.994462638761723e-06
1,271,3.270645797252655,6.156042218208313e-07,32.706451416015625,0.4021619539707899,0.04247531126020476,0.36234432458877563,0.002657717850524932,0.8714978247880936,1.0,7.275134626769369e-06
1,272,3.2718204259872437,3.03611159324646e-07,32.71820068359375,0.41863491386175156,0.10245501075405627,0.321126950904727,0.004947055320371874,0.7843456715345383,1.0,7.254387703447154e-06
1,273,3.302355468273163,-4.6426430344581604e-07,33.0235595703125,1.367276817560196,0.03997603943571448,1.3282708823680878,0.0009700332302600145,0.825474888086319,1.0,7.233591946380884e-06
1,321,5.8004443645477295,5.178153337226377e-07,58.00443649291992,0.3795752637088299,0.024169971147784963,0.3613748252391815,0.005969543264654931,0.8320837616920471,1.0,9.994305588112904e-06
1,274,3.7802756428718567,-8.869683369994164e-07,37.802764892578125,0.11952674388885498,0.06824760977178812,0.055834706872701645,0.004555510880891234,0.8071530163288116,1.0,7.212747806040845e-06
1,275,3.3009830117225647,2.4028122425079346e-07,33.00982666015625,-0.060868553817272186,0.0679769548587501,-0.12326187267899513,0.005583645106526092,0.852446049451828,1.0,7.191855733945388e-06
1,322,5.700382828712463,1.788139396552424e-07,57.003825187683105,0.3800829309038818,0.04175145429326221,0.3464699760079384,0.008138517485349439,0.8074774146080017,1.0,9.994146342631377e-06
1,276,3.3510435819625854,-1.2386590242385864e-07,33.51043701171875,1.0636309385299683,0.029889435856603086,1.0354014933109283,0.0016599910595687106,0.8203019350767136,1.0,7.170916182651141e-06
1,277,3.4715455174446106,1.9278377294540405e-07,34.7154541015625,0.4546314924955368,0.037492175644729286,0.41852471604943275,0.0013854223652742803,0.8358062505722046,1.0,7.149929605743214e-06
1,323,6.5013110637664795,7.040798877255838e-07,65.01310348510742,0.18238157778978348,0.04156898730434477,0.15180814266204834,0.010995567619829671,0.7785392999649048,1.0,9.993984902387119e-06
1,278,3.144190013408661,5.178153514862061e-07,31.44189453125,1.0070242285728455,0.02069182600826025,0.9869872629642487,0.0006548592500621453,0.8895615041255951,1.0,7.128896457825364e-06
1,279,3.4569258093833923,1.2973323464393616e-06,34.569244384765625,0.8170462269335985,0.06736061192350462,0.7514299722388387,0.0017444077675463632,0.8007899671792984,1.0,7.107817194510157e-06
1,324,5.85236930847168,9.583309517058325e-07,58.523681640625,0.5118846148252487,0.046374375000596046,0.4724082292523235,0.006898064999404596,0.8042382746934891,1.0,9.99382126745108e-06
1,280,3.0759066343307495,-8.847564458847046e-09,30.75906467437744,0.4679916724562645,0.013696805108338594,0.457755982875824,0.0034611354785738513,0.8593938499689102,1.0,7.08669227240909e-06
1,281,3.267144739627838,-1.2665987014770508e-07,32.67144775390625,0.16004405170679092,0.06375760305672884,0.10122034698724747,0.004933891905238852,0.8336312919855118,1.0,7.06552214912271e-06
1,325,6.23322331905365,-1.4233713407918458e-07,62.332234382629395,0.29024699702858925,0.06628849729895592,0.22995292022824287,0.005994409148115665,0.8101415932178497,1.0,9.993655437895174e-06
1,282,3.4339752197265625,-5.634501576423645e-08,34.339752197265625,0.8304627634352073,0.02812388353049755,0.8037572428584099,0.0014183855819283053,0.7931694239377975,1.0,7.04430728323069e-06
1,283,3.304467558860779,-2.939486876130104e-07,33.044677734375,-0.24455811828374863,0.060795991332270205,-0.30069003999233246,0.0046640672808280215,0.7823512852191925,1.0,7.023048134281906e-06
1,326,6.015568137168884,2.0023438906946467e-08,60.15567970275879,-0.09690435137599707,0.019777636043727398,-0.10724199004471302,0.0094400072703138,0.8167348206043243,1.0,9.993487413792276e-06
1,284,3.7783018946647644,-1.8812716007232666e-07,37.78302001953125,0.002961978316307068,0.07509468588978052,-0.064979188144207,0.007153532547818031,0.7993953973054886,1.0,7.0017451627844765e-06
1,285,3.3711342811584473,1.5384284779429436e-07,33.71134042739868,0.09625475853681564,0.05037977756001055,0.04957694932818413,0.0037019746378064156,0.807076632976532,1.0,6.980398830195785e-06
1,327,6.183239459991455,-5.209197600497539e-07,61.8323974609375,0.04585627093911171,0.03760676202364266,0.024877646937966347,0.016628162935376167,0.8537053167819977,1.0,9.993317195216225e-06
1,286,3.2975186109542847,-3.9534643292427063e-07,32.97518968582153,0.4985443791374564,0.0822188570164144,0.4195647746673785,0.003239190118620172,0.8667158037424088,1.0,6.959009598912493e-06
1,287,3.14994215965271,3.725290298461914e-08,31.499420166015625,0.43703802675008774,0.028787031769752502,0.4130250345915556,0.004774041815835517,0.8190447390079498,1.0,6.9375779322605154e-06
1,328,6.363612174987793,1.236330703591193e-06,63.6361083984375,0.5993564948439598,0.04853228060528636,0.5547799989581108,0.003955840424168855,0.781600221991539,1.0,9.99314478224183e-06
1,288,3.4930386543273926,-3.855675458908081e-07,34.930389404296875,-0.27936793863773346,0.06806069798767567,-0.3440816402435303,0.0033469797344878316,0.8479408770799637,1.0,6.916104294484988e-06
1,289,3.3675559759140015,-9.023351594805717e-07,33.675567626953125,-0.2689826935529709,0.007193363271653652,-0.2700442969799042,0.0061317409399634926,0.8449104726314545,1.0,6.8945891507402075e-06
1,290,3.4862785935401917,-7.739290595054626e-07,34.86279296875,0.03676337189972401,0.05052898847498,-0.009600324556231499,0.004165254067629576,0.8280841261148453,1.0,6.873032967079562e-06
1,329,6.04574453830719,5.763334343100723e-07,60.457438468933105,0.4608578570187092,-0.009433069732040167,0.4729810245335102,0.00269012336502783,0.840079665184021,1.0,9.99297017494486e-06
1,291,3.6196646690368652,-9.220093488693237e-07,36.1966552734375,1.0035044240066782,0.04574039438739419,0.9600366577506065,0.002272612577144173,0.783344030380249,1.0,6.851436210445427e-06
1,292,3.306089699268341,5.811452865600586e-07,33.060890197753906,0.7237088680267334,0.03601226815953851,0.6905567944049835,0.0028602409511222504,0.8441321402788162,1.0,6.829799348659061e-06
1,330,6.344791650772095,-1.9992390809520089e-07,63.447916984558105,0.2501244768500328,0.01420381641946733,0.2484748438000679,0.012554198387078941,0.8001051545143127,1.0,9.99279337340205e-06
1,293,3.8904141187667847,-2.9336661100387573e-07,38.904144287109375,0.4445039927959442,0.07969076745212078,0.36748993396759033,0.002676702177268453,0.8103136122226715,1.0,6.808122850410461e-06
1,294,3.52236670255661,3.9284350350499153e-07,35.223663330078125,0.25587119814008474,0.05749938962981105,0.20311297290027142,0.004741217057016911,0.8148654699325562,1.0,6.7864071852482205e-06
1,331,5.888501524925232,3.8494666476651673e-07,58.885010719299316,0.37429997604340315,0.0147253661416471,0.3621605336666107,0.0025859354936983436,0.849601224064827,1.0,9.992614377691095e-06
1,295,3.232314944267273,-1.3934914022684097e-07,32.323150634765625,0.5634518936276436,0.03293995640706271,0.533552423119545,0.0030404918288695626,0.7793808430433273,1.0,6.7646528235693445e-06
1,296,3.4013847708702087,-8.177012205123901e-07,34.01385498046875,0.612574614584446,0.09465491306036711,0.5197080820798874,0.0017883573163999245,0.8192230314016342,1.0,6.7428602366090764e-06
1,332,6.7455689907073975,1.0322156995812293e-07,67.45568752288818,0.2747381292283535,0.07663681404665112,0.2086987104266882,0.01059739722404629,0.8460863381624222,1.0,9.99243318789066e-06
1,297,3.881216585636139,1.909211277961731e-07,38.812164306640625,0.1664094477891922,0.05383676756173372,0.11619450151920319,0.0036218005916452967,0.8274332284927368,1.0,6.721029896430678e-06
1,298,3.8969886302948,6.102491170167923e-07,38.969879150390625,0.6243840754032135,0.04063171148300171,0.5861801728606224,0.002427866536891088,0.8981233388185501,1.0,6.699162275915206e-06
1,333,5.782687067985535,5.153318152206765e-07,57.826863288879395,-0.08158590737730265,0.02716946881264448,-0.09953069221228361,0.009224700042977929,0.8370676785707474,1.0,9.992249804080372e-06
1,299,3.065217435359955,-5.154870450496674e-07,30.652178287506104,0.7202014848589897,0.031195526476949453,0.6903346031904221,0.0013286089997563977,0.8844025731086731,1.0,6.677257848751276e-06
1,300,3.459366023540497,1.3317912817001343e-07,34.593658447265625,0.3610858842730522,0.054092903854325414,0.31081702560186386,0.003824026382062584,0.877118855714798,1.0,6.655317089424791e-06
1,334,6.0649495124816895,-1.237106777018937e-07,60.64949607849121,0.09047700231894851,0.016197794931940734,0.0815874757245183,0.0073082573944702744,0.825289860367775,1.0,9.992064226340822e-06
1,301,3.3332987427711487,8.451752364635468e-07,33.33297824859619,0.5851731970906258,0.04778783582150936,0.5395158067694865,0.0021304506808519363,0.7929054945707321,1.0,6.633340473208673e-06
1,302,3.375204622745514,3.073364496231079e-08,33.752044677734375,-0.0001453682780265808,0.033855483401566744,-0.03250999003648758,0.0014908618613844737,0.7886281758546829,1.0,6.611328476152557e-06
1,335,6.438342452049255,1.862645149230957e-07,64.38342189788818,0.09900100529193878,0.0648623388260603,0.04194518178701401,0.007806510373484343,0.7940916270017624,1.0,9.991876454753566e-06
1,303,3.6319790482521057,-2.6775524020195007e-07,36.319793701171875,0.8307463824748993,0.04968094150535762,0.7830436453223228,0.001978217034775298,0.8214908093214035,1.0,6.58928157507249e-06
1,304,3.2910133004188538,6.18569174548611e-07,32.910125732421875,0.8622094858437777,0.02171711972914636,0.8420925405807793,0.0016002558259060606,0.8222212046384811,1.0,6.567200247540599e-06
1,336,6.2167686223983765,2.9802319900795737e-07,62.167683601379395,0.2455455344170332,0.03345023514702916,0.21693378500640392,0.004838507651584223,0.8566684573888779,1.0,9.991686489401122e-06
1,305,3.4325255155563354,-1.1175870895385742e-07,34.32525634765625,0.6436886787414551,0.027557278517633677,0.6181274056434631,0.001996006933040917,0.8151405304670334,1.0,6.545084971874738e-06
1,306,3.7183228731155396,1.1175870895385742e-08,37.1832275390625,1.7313415706157684,0.01994275744073093,1.7152042388916016,0.003805287182331085,0.8705320805311203,1.0,6.522936227128139e-06
1,337,6.4417277574539185,1.5677262155122662e-08,64.4172773361206,-0.06722281500697136,0.0688311280682683,-0.12267926521599293,0.013374689035117626,0.7866610437631607,1.0,9.991494330366976e-06
1,307,3.622683882713318,3.236345946788788e-08,36.226837158203125,0.07380205765366554,0.02835724549368024,0.047284819185733795,0.0018400024564471096,0.7621904909610748,1.0,6.500754493079029e-06
1,308,3.5876895785331726,3.1013041734695435e-07,35.87689208984375,0.579703820636496,0.06019071745686233,0.5220791012980044,0.0025660268220235594,0.8327839523553848,1.0,6.4785402502202345e-06
1,338,6.548775553703308,2.0489096641540527e-07,65.4877519607544,0.2384269437752664,0.03416549402754754,0.21522467397153378,0.01096320859505795,0.8046927601099014,1.0,9.991299977735572e-06
1,309,3.7341885566711426,-2.9243528842926025e-07,37.341888427734375,-0.06305751670151949,0.06411926541477442,-0.12110093235969543,0.006075854296796024,0.8804297149181366,1.0,6.456293979748778e-06
1,310,3.4261260628700256,-5.960464477539063e-08,34.261260986328125,0.15276174806058407,0.07079493650235236,0.08606354333460331,0.0040967262466438115,0.8103613406419754,1.0,6.434016163555452e-06
1,339,6.214070916175842,2.371768239584071e-07,62.140706062316895,0.045918479561805725,-0.001503544393926859,0.06094938516616821,0.01352735748514533,0.7961397916078568,1.0,9.991103431592321e-06
1,311,3.1135712265968323,4.889443516731262e-09,31.135712146759033,1.2862351313233376,0.011731877457350492,1.2752982825040817,0.0007950992876430973,0.8320960253477097,1.0,6.411707284214384e-06
1,312,3.233209252357483,-3.91155481338501e-08,32.33209228515625,1.0648670108057559,0.01782180753070861,1.0498700919561088,0.002824846684234217,0.86905437707901,1.0,6.389367824972575e-06
1,313,3.8534363508224487,3.958120942115784e-08,38.53436279296875,0.16171683371067047,0.038045430555939674,0.12581407837569714,0.002142695593647659,0.8068942427635193,1.0,6.366998269739442e-06
1,340,6.378857612609863,1.2914339819758425e-07,63.78857421875,-0.2531888224184513,0.05580101674422622,-0.29565507732331753,0.013334772316738963,0.8288209438323975,1.0,9.990904692023604e-06
1,314,3.505877375602722,-3.818422555923462e-07,35.05877685546875,0.6059151701629162,0.05778953479602933,0.5540400445461273,0.0059144429105799645,0.8046137541532516,1.0,6.344599103076329e-06
1,315,3.012280523777008,1.862645149230957e-09,30.122804641723633,-0.06305631808936596,0.05243594339117408,-0.10795165970921516,0.007540614402387291,0.807921513915062,1.0,6.322170810186013e-06
1,341,6.060144305229187,2.5269886771983607e-07,60.6014404296875,0.15513462852686644,0.023356495177722536,0.13892591616604477,0.007147792435716838,0.8450769931077957,1.0,9.990703759116756e-06
1,316,3.8369877338409424,2.7567148208618164e-07,38.369873046875,0.7971905171871185,0.0340911743696779,0.7641581743955612,0.0010588339200694463,0.8438513875007629,1.0,6.299713876902188e-06
1,317,3.5493218898773193,-6.295740604400635e-07,35.49322509765625,0.2151126228272915,0.04233264341019094,0.184267308562994,0.011487272218801081,0.8441663384437561,1.0,6.277228789678953e-06
1,342,6.381273627281189,-7.307777778464697e-07,63.812743186950684,0.17453927174210548,0.06523298844695091,0.11992185190320015,0.01061555091291666,0.8190224021673203,1.0,9.990500632960083e-06
1,318,3.5464574694633484,5.129259079694748e-07,35.464569091796875,0.9735750965774059,0.008623553439974785,0.966139167547226,0.0011876999633386731,0.8786628991365433,1.0,6.254716035580264e-06
1,319,3.5221163034439087,6.239861249923706e-08,35.221160888671875,0.3353971540927887,-0.010209280299022794,0.34938957542181015,0.0037831674017070327,0.8972377628087997,1.0,6.23217610226939e-06
1,343,6.5988887548446655,-5.494802974848056e-07,65.9888916015625,0.15094406972639263,0.07926484383642673,0.08042979054152966,0.00875049241585657,0.8225373327732086,1.0,9.990295313642849e-06
1,320,3.7310057878494263,-1.7462298274040222e-07,37.31005859375,0.6827345620840788,0.03364519984461367,0.6509222835302353,0.0018329390877624974,0.8347874283790588,1.0,6.209609477998339e-06
1,321,3.4084717631340027,1.6298145055770874e-08,34.084716796875,0.28349028527736664,0.061780289572197944,0.223924919962883,0.0022149440774228424,0.8080484569072723,1.0,6.187016651597299e-06
1,344,6.578447461128235,8.971740825813868e-07,65.78446388244629,-0.738313278183341,0.0367856411030516,-0.7526132352650166,0.02248570485971868,0.8176506608724594,1.0,9.990087801255288e-06
1,322,3.640387535095215,4.7637149691581726e-07,36.40386962890625,1.1021578758955002,0.037950366735458374,1.0651428252458572,0.0009353164878120879,0.8220613151788712,1.0,6.16439811246403e-06
1,323,3.2485047578811646,-6.658956408500671e-08,32.48504638671875,0.20598893822170794,0.0805677023017779,0.1351470947265625,0.009725856099976227,0.8214389681816101,1.0,6.1417543505532785e-06
1,345,6.2310672998428345,3.868093187975319e-07,62.310667991638184,0.44886428117752075,-0.0019784473115578294,0.4577407129108906,0.006897991173900664,0.8116971850395203,1.0,9.989878095888594e-06
1,324,3.099695146083832,2.561137080192566e-07,30.9969482421875,0.5427682772278786,0.05994637589901686,0.4843953400850296,0.0015734438202343881,0.8351825177669525,1.0,6.119085856366158e-06
1,325,3.2000951766967773,1.5739351511001587e-07,32.00094938278198,0.4521825537085533,-0.020775865064933896,0.47571662813425064,0.0027582671027630568,0.7981757968664169,1.0,6.0963931209395165e-06
1,346,5.654240012168884,-2.4773179063686257e-07,56.54240036010742,-0.011304661631584167,0.031076590064913034,-0.02983521018177271,0.012546045705676079,0.7871510535478592,1.0,9.989666197634927e-06
1,326,3.3367375135421753,3.80445271730423e-07,33.36737060546875,1.620120830833912,0.04759949570870958,1.5735077410936356,0.0009863953237072565,0.8149554878473282,1.0,6.073676635835317e-06
1,327,3.4833160638809204,-9.313225746154785e-08,34.833160400390625,0.5589175280183554,0.04578130808658898,0.5160653064958751,0.0029290898237377405,0.8652173280715942,1.0,6.05093689312997e-06
1,347,6.035071849822998,9.887541332354033e-07,60.3507080078125,0.1517951023997739,0.035539356224035146,0.13679198501631618,0.020536292537144618,0.8552872985601425,1.0,9.989452106587406e-06
1,328,3.7642216086387634,3.491295501589775e-07,37.6422119140625,0.12024633400142193,0.054607053025392815,0.06875946000218391,0.0031201894453261048,0.8520015776157379,1.0,6.028174385403693e-06
1,329,3.384024143218994,7.450580596923828e-08,33.840240478515625,0.1093909740447998,0.04478382971137762,0.0685563012957573,0.003949153629946522,0.8088653385639191,1.0,6.005389605729824e-06
1,348,6.289042830467224,4.979471466270979e-07,62.89042282104492,0.1465289704501629,0.0680182077921927,0.08993305824697018,0.011422300478443503,0.8263324648141861,1.0,9.98923582284012e-06
1,330,3.434640407562256,-1.955777406692505e-07,34.346405029296875,-0.5597137454897165,0.07586690643802285,-0.6259372271597385,0.009643377270549536,0.8219417333602905,1.0,5.982583047664151e-06
1,331,3.633957326412201,3.6600977182388306e-07,36.339569091796875,0.698213592171669,0.13916286372113973,0.5610684789717197,0.002017792096012272,0.7521756589412689,1.0,5.9597552052342174e-06
1,349,6.03044068813324,2.3748725652694702e-07,60.30440330505371,-0.09621893242001534,0.09094138257205486,-0.17918173223733902,0.007978574023582041,0.7898477464914322,1.0,9.989017346488116e-06
1,332,3.9113924503326416,1.972803147509694e-07,39.113922119140625,0.3137484914623201,0.031974670477211475,0.28397025540471077,0.0021964569023111835,0.7835603803396225,1.0,5.936906572928625e-06
1,333,3.5115113854408264,2.0721927285194397e-07,35.1151123046875,0.20859001576900482,0.05196482827886939,0.15958120301365852,0.0029560540497186594,0.8673556596040726,1.0,5.914037645686308e-06
1,350,6.4984413385391235,-4.4641396579336856e-07,64.9844160079956,0.8437796980142593,0.04176040823222138,0.80426225066185,0.002242936985567212,0.8156340271234512,1.0,9.988796677627409e-06
1,334,3.3991517424583435,7.241033017635345e-08,33.99151611328125,0.9202127009630203,0.029598597437143326,0.8917449191212654,0.0011308274188195355,0.8115289658308029,1.0,5.891148918885834e-06
1,335,3.498016059398651,-5.774199962615967e-08,34.98016023635864,0.951897382736206,0.06890178099274635,0.8835044726729393,0.0005088980396976694,0.8242423385381699,1.0,5.8682408883346535e-06
1,336,3.4049224257469177,1.6763806343078613e-08,34.049224853515625,-0.07543793693184853,0.009074328932911158,-0.07978535443544388,0.004726870596641675,0.8408037275075912,1.0,5.84531405025837e-06
1,351,6.632922172546387,-2.0364920061410885e-07,66.3292236328125,-0.05400239862501621,0.03648026078008115,-0.07362404093146324,0.016858623188454658,0.7953715324401855,1.0,9.988573816354973e-06
1,337,3.3419466614723206,1.1455267667770386e-07,33.419464111328125,0.8704020418226719,0.03951374324969947,0.8322499915957451,0.0013617470176541246,0.8224134743213654,1.0,5.8223689012899945e-06
1,338,3.235650360584259,-5.606561899185181e-07,32.3565092086792,1.0619228053838015,0.05769189790589735,1.0063553974032402,0.002124406979419291,0.8813944309949875,1.0,5.799405938459175e-06
1,352,5.830086350440979,-5.463758334656177e-08,58.30086326599121,0.8693537190556526,0.03484343318268657,0.8361864015460014,0.0016761070728534833,0.839479923248291,1.0,9.988348762768753e-06
1,339,3.406747341156006,-1.7415732145309448e-07,34.067474365234375,0.5271442160010338,0.05356068117544055,0.475474763661623,0.0018912272353190929,0.9100348055362701,1.0,5.776425659181438e-06
1,340,3.154387593269348,-7.82310962677002e-07,31.54388427734375,0.6479565687477589,-0.01538618141785264,0.6641920208930969,0.0008492542838212103,0.8034416139125824,1.0,5.753428561247416e-06
1,353,5.9234302043914795,8.717179085238058e-07,59.23429298400879,0.20661933161318302,0.017669484368525445,0.19480775482952595,0.00585793741629459,0.8543652296066284,1.0,9.988121516967651e-06
1,341,3.142767310142517,-1.955777406692505e-08,31.42767333984375,1.1235653012990952,0.042603312380379066,1.0813379734754562,0.0003759702231036499,0.8111871182918549,1.0,5.730415142812059e-06
1,342,3.894064486026764,4.6566128730773926e-09,38.940643310546875,0.9971844963729382,0.0708259421371622,0.9273310899734497,0.0009725843847263604,0.8400115817785263,1.0,5.707385902383845e-06
1,354,5.822957873344421,4.3461724175131167e-07,58.22957420349121,0.6461632773280144,0.008548095356673002,0.6416895389556885,0.004074443539138883,0.769857332110405,1.0,9.987892079051531e-06
1,343,3.1914612650871277,6.332993507385254e-08,31.91461181640625,0.9118596259504557,0.020197579637169838,0.8926427029073238,0.000980668113243155,0.8422714173793793,1.0,5.684341338813986e-06
1,344,3.1124850511550903,2.477318048477173e-07,31.124847412109375,-0.0568314166739583,0.0563036329112947,-0.11070227809250355,0.0024327809842361603,0.8490012884140015,1.0,5.661281951285613e-06
1,355,6.278035879135132,3.18512327623921e-07,62.780354499816895,0.29082141071558,0.04261034447699785,0.2538130655884743,0.0056020289193838835,0.8535783886909485,1.0,9.987660449121226e-06
1,345,3.378387689590454,2.3469328880310059e-07,33.78387451171875,1.1253768093883991,0.04656772821908817,1.0798084922134876,0.0009994674910558388,0.9037207961082458,1.0,5.638208239302975e-06
1,346,3.133100211620331,7.925555109977722e-07,31.33099365234375,1.5535000562667847,0.012159571168012917,1.5416626185178757,0.0003220678772777319,0.8136930465698242,1.0,5.615120702680604e-06
1,356,6.491886734962463,7.749382646693448e-08,64.91886520385742,0.38565283454954624,0.0679268641397357,0.3245953613659367,0.006869392731459811,0.8189518600702286,1.0,9.98742662727853e-06
1,347,3.7441198229789734,5.00120222568512e-07,37.441192626953125,0.09174362011253834,0.031782369424036006,0.06447970308363438,0.004518486028246116,0.8184851855039597,1.0,5.592019841532507e-06
1,348,3.1314157247543335,-3.6600977182388306e-07,31.31416130065918,0.7898625582456589,0.008229039842262864,0.7827181220054626,0.0010845834949577693,0.8542113602161407,1.0,5.568906156261309e-06
1,357,6.238245129585266,2.576659146047433e-07,62.3824462890625,0.7021140530705452,0.04893742804415524,0.6562923043966293,0.003115726613032166,0.7654705345630646,1.0,9.9871906136262e-06
1,349,3.5982697010040283,-6.332993507385254e-08,35.982696533203125,-0.02594015747308731,0.031944858841598034,-0.05385253578424454,0.004032476776046678,0.8956340253353119,1.0,5.54578014754744e-06
1,350,3.650223195552826,4.153698682785034e-07,36.502227783203125,0.558126300573349,0.06891837017610669,0.4949941784143448,0.00578629739175085,0.8292794823646545,1.0,5.522642316338268e-06
1,358,5.956465482711792,-6.984919367902798e-08,59.564656257629395,0.2895892229862511,0.02354563889093697,0.2769891619682312,0.010945575566438492,0.8194194734096527,1.0,9.98695240826795e-06
1,351,3.588916003704071,-1.6111880540847778e-07,35.88916015625,1.061140164732933,0.08223022893071175,0.9797384142875671,0.0008285261428682134,0.8358103483915329,1.0,5.499493163837258e-06
1,352,3.3849337100982666,1.126900315284729e-07,33.849334716796875,0.3114369288086891,0.0399504229426384,0.2732342444360256,0.0017477357177995145,0.8448050022125244,1.0,5.476333191493108e-06
1,359,6.784379839897156,6.590659502592189e-07,67.8437910079956,-0.023480717092752457,0.06590876821428537,-0.08223772421479225,0.007151778176194057,0.7999388426542282,1.0,9.986712011308474e-06
1,353,4.090427100658417,4.4750049710273743e-07,40.904266357421875,0.6278057843446732,0.08102841023355722,0.5500873029232025,0.003309943014755845,0.8179691433906555,1.0,5.453162900988902e-06
1,354,3.780288338661194,-4.66126948595047e-07,37.802886962890625,-0.17036358267068863,0.06415625102818012,-0.22828492894768715,0.006234905158635229,0.8406554907560349,1.0,5.429982794231221e-06
1,355,3.144275188446045,1.6205012798309326e-07,31.4427490234375,-0.12527142465114594,-0.009662219323217869,-0.11187438666820526,0.0037348298355937004,0.7868629097938538,1.0,5.406793373339292e-06
1,360,5.890084862709045,8.307397401097205e-07,58.900837898254395,0.3959534727036953,0.04748580325394869,0.3517809957265854,0.003313355293357745,0.8409287333488464,1.0,9.986469422853413e-06
2,356,3.1882877945899963,4.842877388000488e-08,31.882876873016357,0.08754343539476395,0.039066344732418656,0.05519162118434906,0.006714538609230658,0.8603374361991882,1.0,5.383595140634093e-06
2,357,3.408437967300415,-2.0943116396665573e-07,34.084381103515625,0.5259789787232876,0.050416731275618076,0.47774047777056694,0.002178227179683745,0.8390529751777649,1.0,5.360388598627487e-06
1,361,6.224264144897461,4.925144307943441e-07,62.242634773254395,0.20127303153276443,0.0520475460216403,0.1585930734872818,0.00936758637544699,0.8615547269582748,1.0,9.986224643009375e-06
2,358,3.608594059944153,2.0302832126617432e-07,36.0859375,0.11534709855914116,0.04294515587389469,0.07772703841328621,0.005325120931956917,0.7966863662004471,1.0,5.3371742500113256e-06
2,359,3.4448211789131165,-1.0477378964424133e-07,34.448211669921875,1.0836922824382782,0.06114768050611019,1.0232164487242699,0.000671862473609508,0.7827439457178116,1.0,5.3139525976465675e-06
1,362,6.5974814891815186,1.4031926331981026e-07,65.9748125076294,0.18330936320126057,0.05235663615167141,0.14412296190857887,0.013170224745408632,0.8027695864439011,1.0,9.985977671883936e-06
2,360,3.735983431339264,1.8440186977386475e-07,37.359832763671875,0.5522263385355473,0.05664961226284504,0.49874728731811047,0.003170569412759505,0.8414473384618759,1.0,5.290724144552379e-06
2,361,3.7569212913513184,-1.0989606380462646e-07,37.5692138671875,0.3545936495065689,0.016008350998163223,0.3451014757156372,0.0065162100800080225,0.8877631276845932,1.0,5.267489393895247e-06
1,363,6.481400966644287,3.147870373254591e-07,64.81400489807129,0.06822215393185616,0.036186617566272616,0.041680727154016495,0.009645193174947053,0.7785664945840836,1.0,9.985728509585631e-06
2,362,3.615344226360321,-8.847564458847046e-09,36.1534423828125,0.1483132168650627,0.04066611221060157,0.11443591862916946,0.006788828410208225,0.8733139336109161,1.0,5.244248848978067e-06
2,363,3.1636998057365417,4.991888999938965e-07,31.636993408203125,0.4418364043813199,0.08941417071036994,0.3557511456310749,0.003328911065182183,0.8727468103170395,1.0,5.221003013229253e-06
1,364,5.779756665229797,-9.623676078263088e-09,57.797566413879395,0.4589003026485443,0.055972478818148375,0.4075765460729599,0.004648746544262394,0.7878680229187012,1.0,9.985477156223956e-06
2,364,3.415054678916931,2.9336661100387573e-07,34.150543212890625,1.257176324725151,0.09238497726619244,1.1656555384397507,0.0008642176253488287,0.7721006721258163,1.0,5.197752390191827e-06
2,365,3.1995022296905518,-3.2549723982810974e-07,31.995025634765625,0.7266094982624054,0.002540919929742813,0.7253410220146179,0.001272453686397057,0.8268671482801437,1.0,5.174497483512506e-06
1,365,6.520890116691589,-4.768371676400207e-07,65.20890426635742,-0.0010310225188732147,0.042497868242207915,-0.03387027885764837,0.009658598457463086,0.8258230537176132,1.0,9.985223611909376e-06
2,366,3.2148317694664,1.8440186977386475e-07,32.1483154296875,0.26484008878469467,0.02258578618057072,0.2442740947008133,0.0020198115962557495,0.797627255320549,1.0,5.151238796930804e-06
2,367,3.598574936389923,4.563480615615845e-08,35.985748291015625,0.03606721945106983,0.07372754439711571,-0.0357932347105816,0.0018670985009521246,0.8212528824806213,1.0,5.127976834268112e-06
2,368,3.3280030488967896,6.58910721540451e-08,33.280029296875,1.5866117179393768,0.02035728795453906,1.5666508376598358,0.0003964139468735084,0.8031815886497498,1.0,5.1047120994167855e-06
1,366,6.268998622894287,1.887480394202612e-07,62.689982414245605,-0.08903571963310242,0.06128014432033524,-0.13120384514331818,0.01911202518385835,0.812389150261879,1.0,9.984967876753312e-06
2,369,3.5361452102661133,1.341104507446289e-07,35.3614501953125,0.5309476852416992,0.08167037460952997,0.4534112215042114,0.004133893555263057,0.7995803952217102,1.0,5.081445096329229e-06
2,370,3.8053768277168274,-3.241002559661865e-07,38.05377197265625,0.5361033752560616,0.01150465004320722,0.5274756141006947,0.002876871556509286,0.7875229567289352,1.0,5.0581763290069865e-06
1,367,6.201920866966248,-3.927077329990425e-08,62.01920700073242,0.31039548479020596,0.056472020922228694,0.2590633984655142,0.005139944187249057,0.7979851812124252,1.0,9.984709950868154e-06
2,371,3.465182304382324,-2.086162567138672e-07,34.651824951171875,0.9082869268022478,0.06073797447606921,0.8483599554747343,0.0008110097260214388,0.8216765820980072,1.0,5.034906301489808e-06
2,372,3.8883851766586304,-1.862645149230957e-09,38.88385009765625,0.10561485402286053,0.09859617426991463,0.010212711989879608,0.00319404574111104,0.8560204654932022,1.0,5.011635517844753e-06
1,368,6.137939214706421,-4.451722084297671e-07,61.379395484924316,0.31533611938357353,0.0521482618059963,0.2740871012210846,0.010899213462835178,0.7889466881752014,1.0,9.984449834367251e-06
2,373,3.366754114627838,-8.800998330116272e-08,33.66754150390625,1.5227637887001038,0.08054147334769368,1.4425950795412064,0.00037277021692716517,0.8065478503704071,1.0,4.988364482155249e-06
2,374,3.3052398562431335,2.444721758365631e-08,33.052398681640625,-0.20356604177504778,0.06579133123159409,-0.2657025307416916,0.003654829866718501,0.787000760436058,1.0,4.965093698510192e-06
1,369,6.334654331207275,2.4164716307950584e-06,63.34651756286621,0.34034995175898075,0.04445739649236202,0.30117860541213304,0.005286082829115912,0.8151120692491531,1.0,9.984187527364916e-06
2,375,3.7321958541870117,-2.253800630569458e-07,37.32196044921875,0.3919400181621313,0.03386060066986829,0.3624192145653069,0.004339747116318904,0.8486053943634033,1.0,4.941823670993016e-06
2,376,3.541333019733429,-9.231735020875931e-08,35.413330078125,1.1640558987855911,0.029969900147989392,1.134922370314598,0.0008363448432646692,0.7531146109104156,1.0,4.9185549036707715e-06
1,370,6.613171458244324,8.071470602999398e-09,66.13171291351318,-0.09301763027906418,0.0583913023583591,-0.13146927952766418,0.019939671881729737,0.8312022089958191,1.0,9.983923029976424e-06
2,377,3.3994147181510925,3.4086406230926514e-07,33.99414300918579,0.12858460284769535,0.024559305515140295,0.1082812026143074,0.0042559318244457245,0.8816211223602295,1.0,4.895287900583216e-06
2,378,3.7698702216148376,1.457519829273224e-07,37.698699951171875,0.19703923165798187,0.00943490187637508,0.19149267673492432,0.003888346727762837,0.861898809671402,1.0,4.87202316573189e-06
1,371,6.368986129760742,1.1889884898863556e-07,63.68985939025879,0.28945604455657303,0.038050046656280756,0.2618451248854399,0.010439131670864299,0.8351938277482986,1.0,9.983656342318012e-06
2,379,3.9408417344093323,-9.639188647270203e-08,39.408416748046875,0.8447595871984959,0.047721960581839085,0.798026904463768,0.0009892342350212857,0.853100061416626,1.0,4.8487612030691975e-06
2,380,3.733203172683716,-1.1175870895385742e-08,37.33203125,0.4741030978038907,0.005269805667921901,0.4707262720912695,0.001892979316835408,0.8426338583230972,1.0,4.825502516487497e-06
1,372,6.030269503593445,-4.082297877516794e-08,60.30269432067871,0.411958297714591,0.06972542544826865,0.3491632491350174,0.006930370935151586,0.8677668422460556,1.0,9.983387464506881e-06
2,381,3.1639925837516785,-3.855675458908081e-07,31.63992977142334,0.19873415865004063,0.04572554479818791,0.15792211797088385,0.0049135061126435176,0.8639146834611893,1.0,4.802247609808175e-06
2,382,3.576703190803528,3.450550138950348e-07,35.76702880859375,0.9140035882592201,0.025264079682528973,0.8905373886227608,0.001797872107999865,0.8482616692781448,1.0,4.778996986770747e-06
1,373,6.348628520965576,-4.159906819012349e-08,63.48628616333008,0.27833362435922027,0.10195878334343433,0.18198204040527344,0.005607185099506751,0.8147093951702118,1.0,9.983116396661194e-06
2,383,3.3892486691474915,-4.493631422519684e-08,33.892486572265625,0.2695038802921772,0.055077641271054745,0.2185609124135226,0.004134643109864555,0.8353219330310822,1.0,4.755751151021934e-06
2,384,4.032674729824066,-4.386529326438904e-07,40.326751708984375,0.969278447329998,0.10318902204744518,0.8664859086275101,0.0003964469433412887,0.8306816667318344,1.0,4.732510606104754e-06
1,374,6.168754458427429,4.0372833609580994e-07,61.68754005432129,0.33031655848026276,0.000835622544400394,0.33634530007839203,0.006864365001092665,0.8350186794996262,1.0,9.982843138900077e-06
2,385,3.3682037591934204,-1.103617250919342e-07,33.682037353515625,0.5071904249489307,0.016753422329202294,0.49276282638311386,0.0023258508153958246,0.8122678250074387,1.0,4.7092758554476215e-06
2,386,3.669464111328125,7.078051567077637e-08,36.69464111328125,1.3283621817827225,0.07714346563443542,1.251426100730896,0.00020735844009323046,0.855422854423523,1.0,4.686047402353433e-06
2,387,3.9460602402687073,-5.960464477539063e-08,39.460601806640625,0.13654327392578125,0.05888950265944004,0.08231667801737785,0.004662937115426757,0.839191123843193,1.0,4.662825749988675e-06
1,375,6.288831114768982,4.681447951515594e-07,62.8883056640625,0.8838101029396057,0.011718410300090909,0.8738682121038437,0.0017765424963727128,0.7934189587831497,1.0,9.982567691343617e-06
2,388,3.3836669921875,-6.51925802230835e-08,33.836669921875,0.27153423335403204,0.03561768541112542,0.23874338576570153,0.002826825686497614,0.8257530927658081,1.0,4.639611401372514e-06
2,389,3.0384581089019775,-2.400483936071396e-07,30.38458251953125,0.26437978632748127,0.029184882063418627,0.23944122716784477,0.004246312077157199,0.8157210499048233,1.0,4.6164048593659076e-06
1,376,6.639192581176758,-2.9616058228043585e-07,66.39192867279053,0.008106077730190009,0.10309949703514576,-0.0860823355615139,0.008911086828447878,0.8336036801338196,1.0,9.982290054112864e-06
2,390,3.6192715764045715,-3.371387720108032e-07,36.192718505859375,0.8349005058407784,0.08594775898382068,0.7540994510054588,0.00514667675452074,0.8578138649463654,1.0,4.59320662666071e-06
2,391,3.6460843086242676,-2.4959444999694824e-07,36.460845947265625,-0.1705213114619255,0.08053541742265224,-0.24484292417764664,0.006213793560164049,0.8775252103805542,1.0,4.570017205768779e-06
1,377,6.4571486711502075,-7.593383415382959e-07,64.57149314880371,0.15168745443224907,0.03987259045243263,0.11686863750219345,0.00505377133958973,0.8438988029956818,1.0,9.98201022732983e-06
2,392,3.2232332825660706,1.601874828338623e-07,32.232330322265625,-0.07254688814282417,0.020709472941234708,-0.08551736921072006,0.007739007967757061,0.8168791681528091,1.0,4.546837099011101e-06
2,393,3.615329086780548,1.1525116860866547e-07,36.153289794921875,-0.14098501205444336,0.0745510715059936,-0.208423912525177,0.007112176448572427,0.8864170461893082,1.0,4.523666808506893e-06
1,378,6.247022032737732,6.294188228395114e-07,62.470213890075684,0.2408463340252638,0.06057871365919709,0.1865195408463478,0.00625192403094843,0.788237527012825,1.0,9.981728211117493e-06
2,394,3.732259750366211,-4.647299647331238e-07,37.322601318359375,-0.18522713333368301,0.05141537729650736,-0.2309441827237606,0.005698331748135388,0.8347736597061157,1.0,4.500506836162746e-06
2,395,3.6354286670684814,8.400529623031616e-07,36.354278564453125,0.7342967465519905,-0.000958533026278019,0.7377372235059738,0.0024819976242724806,0.7841779887676239,1.0,4.477357683661734e-06
1,379,6.77631413936615,-2.4389009922742844e-07,67.76314353942871,0.22027235478162766,0.029587662313133478,0.20040560141205788,0.00972090909635881,0.8632785230875015,1.0,9.981444005599787e-06
2,396,4.277734458446503,4.423782229423523e-08,42.77734375,0.7882901038974524,0.07670558523386717,0.7144190345425159,0.002834489452652633,0.8017402142286301,1.0,4.45421985245256e-06
2,397,3.716125190258026,-2.3655593395233154e-07,37.1612548828125,0.5969586670398712,0.060924284625798464,0.5376511625945568,0.0016167571302503347,0.8657769411802292,1.0,4.431093843738693e-06
1,380,6.710753321647644,-1.1051694741581741e-06,67.1075439453125,0.1295030079782009,0.04383730993140489,0.09690335765480995,0.011237630038522184,0.7876521944999695,1.0,9.98115761090161e-06
2,398,3.695263981819153,2.775341272354126e-07,36.95263671875,0.3228135108947754,0.055748102720826864,0.27279452234506607,0.005729138960305136,0.7975342720746994,1.0,4.4079801584674955e-06
2,399,3.130163550376892,-1.0896474123001099e-07,31.3016357421875,0.6590706054121256,0.050026869284920394,0.6140103540383279,0.0049665914120851085,0.8146045356988907,1.0,4.384879297319398e-06
1,381,6.413504481315613,-4.869264857987332e-07,64.1350507736206,0.2507758231367916,0.0023074080236256123,0.25942546874284744,0.01095704932231456,0.820320725440979,1.0,9.980869027148824e-06
2,400,3.526901125907898,-2.0023435354232788e-07,35.269012451171875,-0.21465402003377676,0.06975463556591421,-0.28143735229969025,0.002971278125187382,0.8877607733011246,1.0,4.361791760697027e-06
2,401,3.8346551656723022,-6.547197699546814e-07,38.3465576171875,-0.09670699760317802,0.09355632308870554,-0.1821329966187477,0.008130315516609699,0.7886183708906174,1.0,4.3387180487143875e-06
1,382,7.291613578796387,-2.558032723420922e-07,72.9161376953125,-0.4965484607964754,0.045280922669917345,-0.5203532222658396,0.02147619449533522,0.8422201424837112,1.0,9.980578254468252e-06
2,402,3.375109851360321,-7.450580596923828e-09,33.7510986328125,0.28946613206062466,0.035120102344080806,0.25794557703193277,0.003599543240852654,0.7999548465013504,1.0,4.315658661186016e-06
2,403,3.733154058456421,-2.4889595806598663e-07,37.33154296875,1.0125170294195414,0.058894408866763115,0.9545574188232422,0.0009347841405542567,0.7885335981845856,1.0,4.2926140976161555e-06
1,383,6.683752059936523,-4.159907591727574e-07,66.83752346038818,-0.08399155177175999,0.056263180915266275,-0.1357296071946621,0.004525115655269474,0.8134723156690598,1.0,9.98028529298768e-06
2,404,3.5816128253936768,-4.430767148733139e-07,35.816131591796875,0.3897000215947628,0.04502074979245663,0.3465030565857887,0.0018237745389342308,0.7863799482584,1.0,4.269584857187942e-06
2,405,3.4945424795150757,-1.1399388313293457e-06,34.9454345703125,0.3123777359724045,0.024144853930920362,0.2915160804986954,0.003283158046542667,0.7934353947639465,1.0,4.246571438752585e-06
1,384,6.570525169372559,7.835527403576847e-07,65.70524215698242,0.6582874953746796,0.03370304754935205,0.625884123146534,0.0012997069134144112,0.7722152322530746,1.0,9.979990142835854e-06
2,406,3.69173926115036,2.7706846594810486e-07,36.917388916015625,0.302544504404068,0.03956838615704328,0.2678845077753067,0.004908385861199349,0.8577998131513596,1.0,4.2235743408185635e-06
2,407,3.389511466026306,2.60770320892334e-07,33.895111083984375,0.28513241466134787,0.07103913137689233,0.21597625873982906,0.0018829850014299154,0.8256203383207321,1.0,4.200594061540827e-06
1,385,7.761230230331421,-3.315508436685377e-07,77.6123046875,-0.27585252560675144,0.04800589894875884,-0.30519813671708107,0.018660292960703373,0.7893127650022507,1.0,9.979692804142484e-06
2,408,3.891537308692932,-1.1222437024116516e-07,38.915374755859375,0.5889495946466923,0.0855697188526392,0.5062698530964553,0.002889952840632759,0.8434315323829651,1.0,4.1776310987100054e-06
2,409,3.8318244218826294,6.258487701416016e-07,38.3182373046875,0.8064392879605293,0.04206265939865261,0.7657498680055141,0.0013732836459894315,0.8655913919210434,1.0,4.154685949741631e-06
2,410,3.3608062267303467,-1.6391277313232422e-07,33.608062744140625,0.9260811507701874,0.05855873349355534,0.8686651289463043,0.0011426502169342712,0.8335368186235428,1.0,4.131759111665349e-06
1,386,7.311573386192322,6.966292858123779e-07,73.11572456359863,0.34755524434149265,0.02048490522429347,0.3403866160660982,0.013316278287675232,0.8436537981033325,1.0,9.979393277038238e-06
2,411,3.808800756931305,-5.867332220077515e-07,38.0880126953125,0.10147201642394066,0.04646309092640877,0.06029052659869194,0.005281588761135936,0.845102846622467,1.0,4.108851081114169e-06
2,412,3.7171170115470886,-3.762543201446533e-07,37.171173095703125,0.35003215074539185,0.031038414570502937,0.3320700377225876,0.013076302512217808,0.8262982219457626,1.0,4.0859623543136935e-06
1,387,7.001058220863342,2.4059166570111756e-07,70.01058006286621,0.6605014838278294,0.033627355471253395,0.6294855251908302,0.0026114000065717846,0.8351909071207047,1.0,9.979091561654753e-06
2,413,3.449218988418579,1.8079299479722977e-07,34.4921875,0.12876002490520477,0.04163323529064655,0.08873865753412247,0.0016118869825731963,0.7700445055961609,1.0,4.063093427071376e-06
2,414,3.445343255996704,1.816079020500183e-07,34.45343017578125,-0.4442078173160553,0.031012995168566704,-0.4666837528347969,0.008537053887266666,0.88231460750103,1.0,4.040244794765783e-06
1,388,7.1175209283828735,-2.6263296604156494e-07,71.17521095275879,0.09393000043928623,0.05964648677036166,0.04825015435926616,0.01396662660408765,0.8189221620559692,1.0,9.978787658124616e-06
2,415,3.8695711493492126,1.1641532182693481e-08,38.695709228515625,0.22285621613264084,0.06878188764676452,0.1572258174419403,0.003151468248688616,0.8328507989645004,1.0,4.017416952335849e-06
2,416,4.155569434165955,-2.60770320892334e-07,41.555694580078125,0.9415700864046812,0.09745997563004494,0.8457451835274696,0.001635046282899566,0.7827726006507874,1.0,3.994610394270178e-06
1,389,7.449462413787842,-7.847944836214538e-07,74.49462890625,0.3993250001221895,0.04630548134446144,0.36093589779920876,0.00791634751658421,0.8406539410352707,1.0,9.978481566581388e-06
2,417,3.6265408992767334,-2.093147486448288e-07,36.265411376953125,0.7307191416621208,0.04523534682812169,0.6899923607707024,0.004508568963501602,0.8159953653812408,1.0,3.971825614596308e-06
2,418,3.563308298587799,-4.684552550315857e-07,35.633087158203125,-0.004086991772055626,0.04507084609940648,-0.0437362939119339,0.0054215514319366775,0.889803558588028,1.0,3.949063106870031e-06
1,390,7.2040791511535645,-2.4087106069714537e-06,72.04081344604492,0.8298813998699188,0.018312126398086548,0.8134806752204895,0.0019114024617010728,0.7770915031433105,1.0,9.978173287159585e-06
2,419,3.687411367893219,-1.0809162631630898e-07,36.874114990234375,1.1935095489025116,0.01423968793824315,1.1798951923847198,0.0006252803650568239,0.7764520794153214,1.0,3.926323364164684e-06
2,420,4.008499324321747,2.4493783712387085e-07,40.084991455078125,0.6625968292355537,0.0360000638756901,0.6286750510334969,0.00207832021987997,0.8721473067998886,1.0,3.903606879060483e-06
1,391,7.159054279327393,7.453684958136364e-07,71.59053421020508,0.16984090209007263,0.0473834783770144,0.13435368612408638,0.011896270443685353,0.7737265974283218,1.0,9.977862819994684e-06
2,421,3.843704402446747,1.387670636177063e-07,38.437042236328125,-0.5105364844202995,0.08357448549941182,-0.5875925421714783,0.0065184300765395164,0.8195993453264236,1.0,3.880914143633844e-06
2,422,3.7225471138954163,5.979090929031372e-07,37.2254638671875,0.20186210423707962,0.05823462246917188,0.14652510732412338,0.002897653932450339,0.8517294526100159,1.0,3.8582456494467214e-06
1,392,7.464669942855835,1.0916652590786668e-06,74.64668846130371,0.5224665738642216,0.03360344236716628,0.49424951151013374,0.005386375909438357,0.8024950623512268,1.0,9.977550165223127e-06
2,423,3.853480100631714,9.328359737992287e-07,38.5347900390625,1.0420026779174805,0.08817038498818874,0.9549036175012589,0.0010713917217799462,0.8229477107524872,1.0,3.835601887535971e-06
2,424,4.296329200267792,3.157183527946472e-07,42.963287353515625,0.6291699931025505,0.016707527684047818,0.6135825961828232,0.0011201366287423298,0.8511538952589035,1.0,3.812983348402703e-06
1,393,7.488614916801453,-1.5366818928441717e-08,74.88614845275879,0.5207875091582537,0.04882495617493987,0.47433531284332275,0.0023727812949800864,0.8165124654769897,1.0,9.977235322982315e-06
2,425,3.7937289476394653,2.253800630569458e-07,37.937286376953125,0.44952528551220894,0.05714099598117173,0.3957943804562092,0.003410162520594895,0.853837862610817,1.0,3.790390522001662e-06
2,426,4.008636474609375,-6.05359673500061e-09,40.08636474609375,0.7767799273133278,0.041538677643984556,0.7365964502096176,0.0013552276359405369,0.750716507434845,1.0,3.767823897730612e-06
1,394,7.273914217948914,6.13431126339492e-07,72.7391357421875,0.06133622070774436,0.03716895985417068,0.03716463968157768,0.012997377081774175,0.8262158036231995,1.0,9.97691829341061e-06
2,427,4.176239609718323,6.901100277900696e-07,41.76239013671875,1.387410469353199,0.08502631261944771,1.3051712438464165,0.002787156729027629,0.7939261347055435,1.0,3.745283964419736e-06
2,428,3.4231444001197815,-2.300366759300232e-07,34.2314453125,0.3934396505355835,0.05766663094982505,0.33890333864837885,0.0031302497518481687,0.8551120012998581,1.0,3.7227712103210485e-06
1,395,7.493604421615601,1.0840595265904085e-06,74.93603515625,0.27357792668044567,0.049351438879966736,0.2371273785829544,0.012900914764031768,0.8509026765823364,1.0,9.976599076647338e-06
2,429,3.97094464302063,3.707828000187874e-07,39.709442138671875,0.8158843442797661,0.07883617887273431,0.7383257411420345,0.0012775788345606998,0.8683819323778152,1.0,3.700286123097814e-06
2,430,4.074312686920166,-8.139759302139282e-07,40.743133544921875,1.2013403922319412,0.060756484512239695,1.142779789865017,0.0021958046636427753,0.8007191121578217,1.0,3.6778291898139903e-06
1,396,7.574894070625305,-3.688037348847928e-07,75.74894332885742,-0.028307706117630005,0.03974308539181948,-0.048961617052555084,0.019089151785010472,0.8007419556379318,1.0,9.976277672832782e-06
2,431,3.7405951619148254,5.448237061500549e-07,37.40594482421875,0.8995788916945457,0.03634409137885086,0.8651326224207878,0.0018978889274876565,0.7888858616352081,1.0,3.655400896923672e-06
2,432,3.8144745230674744,-1.955777406692505e-08,38.144744873046875,-0.18490265496075153,0.06426778947934508,-0.24183141812682152,0.0073390231700614095,0.8369699418544769,1.0,3.633001730260558e-06
1,397,7.121838331222534,-3.523503799840455e-08,71.21838474273682,0.16095131821930408,0.05536273107281886,0.11322644725441933,0.007637867354787886,0.8005736023187637,1.0,9.975954082108187e-06
2,433,3.962014317512512,-4.731118679046631e-07,39.620147705078125,0.12030736356973648,0.09346754057332873,0.03047582507133484,0.0036360000376589596,0.859931230545044,1.0,3.6106321750274275e-06
2,434,3.629565715789795,2.4761538952589035e-07,36.295654296875,1.401517115533352,0.03641256131231785,1.3659543693065643,0.0008497869475831976,0.8220266103744507,1.0,3.5882927157856175e-06
1,398,6.9386069774627686,1.1315569074799026e-07,69.3860673904419,0.04888200853019953,0.055315381148830056,0.0007402906194329262,0.007173671969212592,0.8331510722637177,1.0,9.975628304615765e-06
2,435,4.269858121871948,3.1176023185253143e-07,42.698577880859375,-0.09233650867827237,0.09029264282435179,-0.17750387825071812,0.00512528425315395,0.8546910583972931,1.0,3.5659838364445496e-06
2,436,4.065295577049255,2.9802322387695312e-08,40.6529541015625,0.6314437389373779,0.08510234300047159,0.550964966416359,0.004623559711035341,0.8106306344270706,1.0,3.543706020251223e-06
1,399,7.025093913078308,2.1420419482609532e-07,70.2509355545044,0.03895566612482071,0.025218701804988086,0.02410129077907186,0.010364321060478687,0.8242100328207016,1.0,9.975300340498682e-06
2,437,4.393499314785004,-4.032626748085022e-07,43.93499755859375,0.047579653561115265,0.08060239627957344,-0.029586564749479294,0.003436109225731343,0.7888519316911697,1.0,3.521459749779768e-06
2,438,4.102368235588074,-9.569339454174042e-08,41.023681640625,0.4210127778351307,0.06983687216416001,0.35929062590003014,0.008114737040159525,0.8085410743951797,1.0,3.4992455069209717e-06
1,400,7.076656818389893,6.637225418160142e-07,70.76655960083008,-0.11033041775226593,0.03261738456785679,-0.12483467534184456,0.01811313215875998,0.8006143420934677,1.0,9.974970189901068e-06
2,439,3.879160165786743,4.838220775127411e-07,38.791595458984375,0.49804554879665375,0.04193082178244367,0.45863716304302216,0.0025224404671462253,0.7847381085157394,1.0,3.4770637728718608e-06
2,440,3.9373315572738647,-6.486661732196808e-07,39.373321533203125,1.28549125790596,0.05353098828345537,1.2330538183450699,0.001093501181458123,0.8057180196046829,1.0,3.4549150281252635e-06
2,441,4.078430354595184,1.257285475730896e-07,40.7843017578125,0.9668374806642532,0.05979999611736275,0.9082709327340126,0.0012334798084339127,0.823687344789505,1.0,3.4327997524594026e-06
1,401,7.311011433601379,6.767610685187719e-07,73.110107421875,-0.09912119619548321,0.03543148469179869,-0.11958177760243416,0.014970939024351537,0.7701972275972366,1.0,9.974637852968013e-06
2,442,4.181915998458862,6.221234798431396e-07,41.81915283203125,1.3665556237101555,0.04382924782112241,1.323503389954567,0.0007770504598738626,0.851787656545639,1.0,3.4107184249275114e-06
2,443,4.10844498872757,6.863847374916077e-07,41.084442138671875,0.36691880971193314,0.043242889922112226,0.32759908586740494,0.0039232140115927905,0.7763527035713196,1.0,3.3886715238474454e-06
1,402,7.342931866645813,-3.7501254723792954e-07,73.4293212890625,0.3397815339267254,0.05537349823862314,0.2922006584703922,0.007792584743583575,0.8162371516227722,1.0,9.974303329845565e-06
2,444,3.79266619682312,-5.583278834819794e-07,37.926666259765625,0.7223525643348694,0.03272899554576725,0.6922795064747334,0.0026559302932582796,0.8360864967107773,1.0,3.3666595267913293e-06
2,445,4.016205191612244,2.6996713131666183e-07,40.16204833984375,0.6777371391654015,0.08547237887978554,0.5941101908683777,0.0018453985976520926,0.8006399571895599,1.0,3.3446829105752103e-06
1,403,7.667806029319763,2.2836806223835993e-08,76.67806053161621,-0.126958261243999,0.045139758090954274,-0.15745650883764029,0.014641511370427907,0.788789689540863,1.0,9.973966620680741e-06
2,446,3.7966334223747253,-4.861503839492798e-07,37.966339111328125,0.5091120824217796,0.044829418417066336,0.46581028401851654,0.0015275851419573883,0.8101964741945267,1.0,3.322742151248726e-06
2,447,3.6990392208099365,3.725290298461914e-07,36.990386962890625,0.1990678769070655,0.077916509937495,0.12679028580896556,0.005638947031911812,0.8412726521492004,1.0,3.3008377240847955e-06
2,448,3.9924805760383606,4.0046870708465576e-08,39.9248046875,0.4789072070270777,0.021493645384907722,0.45915526524186134,0.0017416975533706136,0.8194534033536911,1.0,3.278970103569324e-06
2,449,4.391092658042908,5.979090929031372e-07,43.910919189453125,0.23980344831943512,0.11708274367265403,0.12732304632663727,0.004602404449542519,0.8805415332317352,1.0,3.2571397633909252e-06
2,450,4.079953968524933,8.675269782543182e-07,40.799530029296875,0.23775475099682808,0.09284666646271944,0.14759230613708496,0.0026842382503673434,0.8389969021081924,1.0,3.2353471764306567e-06
2,451,3.7170469164848328,-3.0710361897945404e-07,37.17047119140625,0.4768865902442485,0.037122542737051845,0.44245460676029325,0.002690533045097254,0.7971987128257751,1.0,3.21359281475178e-06
2,452,4.022811830043793,-2.2444874048233032e-07,40.228118896484375,1.1644189450889826,0.07678616046905518,1.089717011898756,0.0020841237346758135,0.8533905744552612,1.0,3.1918771495895395e-06
2,453,3.667559802532196,-9.313225746154785e-09,36.67559814453125,0.018646053969860077,0.06396880745887756,-0.04166404902935028,0.0036586904170690104,0.7689439654350281,1.0,3.1702006513409393e-06
2,454,3.89728045463562,-3.390014171600342e-07,38.972808837890625,-0.12838590145111084,0.046733999624848366,-0.16767920181155205,0.007440670393407345,0.8197171241044998,1.0,3.148563789554575e-06
2,455,3.8263858556747437,2.7194619178771973e-07,38.26385498046875,0.5370477102696896,0.038217985071241856,0.5005301497876644,0.0017004060500767082,0.8349530696868896,1.0,3.12696703292044e-06
2,456,4.287512302398682,-6.612390279769897e-08,42.8751220703125,0.05882620811462402,0.05402435129508376,0.009230535477399826,0.004428676300449297,0.8166480213403702,1.0,3.105410849259796e-06
2,457,3.5057469606399536,4.917383193969727e-07,35.057464599609375,0.2672491818666458,0.06703849602490664,0.2029612958431244,0.0027506328333402053,0.7819985002279282,1.0,3.0838957055150136e-06
2,458,3.929912507534027,-9.872019290924072e-07,39.29913330078125,0.14665274322032928,0.03464090172201395,0.11626443266868591,0.004252543381880969,0.8216506242752075,1.0,3.062422067739485e-06
2,459,4.2458221316337585,-5.762558430433273e-08,42.458221435546875,0.8820775523781776,0.04843442665878683,0.835384476929903,0.0017413861060049385,0.7560509592294693,1.0,3.040990401087508e-06
2,460,3.347704768180847,-2.9616057872772217e-07,33.47705078125,0.20119479077402502,-0.01795715920161456,0.2216296591795981,0.0024777155776973814,0.8045026808977127,1.0,3.019601169804216e-06
2,461,3.9943049550056458,-6.910413503646851e-07,39.94305419921875,0.097266286611557,0.05141502292826772,0.051796816289424896,0.005945555167272687,0.8460321724414825,1.0,2.9982548372155264e-06
2,462,4.514779210090637,-5.406327545642853e-07,45.147796630859375,0.8075910955667496,0.09018207853659987,0.7186555787920952,0.0012465371983125806,0.7956956475973129,1.0,2.9769518657180953e-06
2,463,3.7381561994552612,1.3969838619232178e-08,37.381561279296875,0.21826479397714138,0.05900447489693761,0.16067133098840714,0.0014110134507063776,0.8165359050035477,1.0,2.9556927167693107e-06
2,464,4.079970896244049,-5.299225449562073e-07,40.799713134765625,0.4790457934141159,0.046577161410823464,0.43428916728589684,0.0018205020387540571,0.8102705627679825,1.0,2.934477850877292e-06
2,465,3.817508280277252,2.1047890186309814e-07,38.175079345703125,0.7260920107364655,0.00803069188259542,0.7210437878966331,0.0029824859302607365,0.8656888604164124,1.0,2.9133077275909112e-06
2,466,3.784402072429657,-2.71480530500412e-07,37.844024658203125,-0.20177119225263596,-0.0179395554587245,-0.17811711877584457,0.005714506492950022,0.852703407406807,1.0,2.8921828054898453e-06
2,467,4.021674573421478,9.043142199516296e-07,40.21673583984375,-0.3763672932982445,0.04006593720987439,-0.4083911329507828,0.008042127825319767,0.8173767179250717,1.0,2.8711035421746364e-06
2,468,4.2342681884765625,-7.078051567077637e-08,42.342681884765625,0.18684999691322446,0.09208549372851849,0.09867754392325878,0.003913026870577596,0.8582145273685455,1.0,2.8500703942567874e-06
2,469,4.192242980003357,4.504108801484108e-07,41.92242431640625,0.7231968175619841,0.01667241961695254,0.7072526924312115,0.000728361261280952,0.8301708400249481,1.0,2.82908381734886e-06
2,470,3.8728760480880737,-3.166496753692627e-08,38.728759765625,0.7107019498944283,0.048640573397278786,0.663539856672287,0.0014784937438889756,0.8550128936767578,1.0,2.8081442660546126e-06
2,471,4.300387442111969,-2.03610397875309e-07,43.003875732421875,0.4985556732863188,0.06815883982926607,0.43520212545990944,0.004805231827958778,0.799545168876648,1.0,2.7872521939591556e-06
2,472,3.888812005519867,-2.1792948246002197e-07,38.88812255859375,0.19556276127696037,0.030576405581086874,0.1675458811223507,0.0025594912003725767,0.8502548336982727,1.0,2.7664080536191178e-06
2,473,4.125391125679016,3.045424818992615e-07,41.25390625,0.9423348531126976,0.06455608457326889,0.8790038600564003,0.0012250386498635635,0.8630080819129944,1.0,2.7456122965528475e-06
2,474,4.799448132514954,4.3958425521850586e-07,47.994476318359375,1.084448128938675,0.052683508954942226,1.0363363176584244,0.004571722834953107,0.8583341240882874,1.0,2.724865373230632e-06
2,475,3.863772213459015,-5.5716373026371e-07,38.637725830078125,-0.32329098880290985,0.03558968519791961,-0.3528614789247513,0.006019182794261724,0.8265533000230789,1.0,2.7041677330649408e-06
2,476,3.9567564129829407,-3.1851232051849365e-07,39.56756591796875,0.33500583097338676,0.045799082377925515,0.29337232932448387,0.00416553791728802,0.8639301508665085,1.0,2.683519824400693e-06
2,477,3.9986024498939514,1.0989606380462646e-07,39.98602294921875,0.21444927155971527,0.04286945139756426,0.17495198175311089,0.0033721766667440534,0.7474419474601746,1.0,2.662922094505529e-06
2,478,4.300717711448669,3.948807716369629e-07,43.007171630859375,0.8885304927825928,0.037286666105501354,0.8521756902337074,0.0009318937954958528,0.7936104536056519,1.0,2.6423749895601494e-06
2,479,4.0664039850234985,7.022172212600708e-07,40.664031982421875,0.4950019381940365,0.05204373924061656,0.44464060198515654,0.0016824258818814997,0.7913692146539688,1.0,2.6218789546486235e-06
2,480,4.192874491214752,1.83936208486557e-07,41.928741455078125,0.8620294742286205,0.0723175024613738,0.7913801930844784,0.0016682294644851936,0.7961529493331909,1.0,2.601434433748771e-06
2,481,4.309286534786224,-9.802170097827911e-08,43.092864990234375,0.4252370223402977,0.03257236164063215,0.39539889991283417,0.002734217221586732,0.8265328258275986,1.0,2.581041869722519e-06
2,482,4.7939335107803345,1.825392246246338e-07,47.9393310546875,0.6179129257798195,0.083017747849226,0.5377515591681004,0.002856329592759721,0.8975487798452377,1.0,2.5607017043063364e-06
2,483,4.46097457408905,2.421438694000244e-07,44.6097412109375,0.7626354172825813,0.08142771502025425,0.685252845287323,0.004045141495680582,0.7942278683185577,1.0,2.540414378101647e-06
2,484,4.585882902145386,1.5366822481155396e-07,45.85882568359375,1.1346742436289787,0.07469055941328406,1.0619970113039017,0.002013264886045363,0.8032617717981339,1.0,2.5201803305652903e-06
2,485,4.064989805221558,-4.0512531995773315e-07,40.64990234375,1.1258534267544746,0.020662237657234073,1.10592719912529,0.000735984300263226,0.785667359828949,1.0,2.5000000000000015e-06
2,486,4.008527457714081,7.348135113716125e-07,40.08526611328125,0.14273277670145035,0.08192742429673672,0.0640740804374218,0.0032687223283573985,0.8675102889537811,1.0,2.4798738235449164e-06
2,487,4.44999760389328,6.402842700481415e-07,44.499969482421875,-0.4614376462996006,0.020891880616545677,-0.47672560007777065,0.005603983910987154,0.84395332634449,1.0,2.4598022371661113e-06
2,488,4.180087089538574,-2.598389983177185e-07,41.800872802734375,0.5724185928702354,0.031071720644831657,0.5458344593644142,0.004487551283091307,0.8797465860843658,1.0,2.439785675647144e-06
2,489,4.6039369106292725,7.008202373981476e-08,46.03936767578125,0.47863516211509705,0.03544480912387371,0.44506005570292473,0.001869689571321942,0.7976251393556595,1.0,2.419824572579643e-06
2,490,4.009333074092865,6.943009793758392e-07,40.09332275390625,0.8670613616704941,0.05411422695033252,0.8134842664003372,0.000537179468665272,0.7129884958267212,1.0,2.3999193603539234e-06
2,491,4.843279719352722,-5.885958671569824e-07,48.43280029296875,-0.441073527559638,0.05540530942380428,-0.48812598176300526,0.008352852542884648,0.8364967852830887,1.0,2.3800704701496056e-06
2,492,4.109778523445129,5.974434316158295e-07,41.0977783203125,1.1451184079051018,0.04819129453971982,1.0975147932767868,0.0005876740615349263,0.7777758240699768,1.0,2.3602783319262847e-06
2,493,4.007556617259979,5.203764885663986e-07,40.0755615234375,0.4259152375161648,0.047563773157889955,0.3816729336977005,0.003321477764984593,0.8552594631910324,1.0,2.340543374414212e-06
2,494,4.25358521938324,-7.562339305877686e-07,42.535858154296875,1.046657234430313,0.030542729422450066,1.0166133344173431,0.0004988608852727339,0.7868480682373047,1.0,2.3208660251050164e-06
2,495,3.831954538822174,-5.420297384262085e-07,38.319549560546875,0.0029361173510551453,0.04434185760328546,-0.03350328654050827,0.007902442492195405,0.8467496484518051,1.0,2.3012467102424373e-06
2,496,4.127878665924072,6.891787052154541e-07,41.278778076171875,0.12940678000450134,0.02835159795358777,0.10579928755760193,0.004744159887195565,0.8166268467903137,1.0,2.2816858548130837e-06
2,497,3.8726289868354797,1.816079020500183e-07,38.726287841796875,0.31068073213100433,0.04177803988568485,0.27082016319036484,0.0019174794579157606,0.8404524624347687,1.0,2.26218388253725e-06
2,498,4.431359887123108,-5.029141902923584e-08,44.3135986328125,1.0836720243096352,0.03340053604915738,1.0513642057776451,0.001092732883989811,0.829467698931694,1.0,2.2427412158597133e-06
2,499,4.568839073181152,4.516914486885071e-07,45.688385009765625,0.3042967766523361,0.01882405299693346,0.2882111743092537,0.002738450115430169,0.8129312843084335,1.0,2.2233582759406065e-06
2,500,4.2791969776153564,8.083879947662354e-07,42.791961669921875,2.5622124075889587,0.017813554033637047,2.5447163432836533,0.00031762555590830743,0.8431532084941864,1.0,2.204035482646267e-06
2,501,4.381873309612274,7.867347449064255e-07,43.8187255859375,0.5383336469531059,0.10360184498131275,0.4378482922911644,0.0031165661639533937,0.8126864433288574,1.0,2.1847732545401694e-06
2,502,4.866623044013977,3.166496753692627e-08,48.666229248046875,0.4606781452894211,0.06683461533975787,0.3978598639369011,0.004016353486804292,0.8504002541303635,1.0,2.165572008873845e-06
2,503,4.447662353515625,-1.1408701539039612e-07,44.47662353515625,-0.10147695615887642,0.03738606092520058,-0.12597471452318132,0.012888284865766764,0.8554577827453613,1.0,2.146432161577842e-06
2,504,4.271078884601593,2.1244341041892767e-07,42.710784912109375,1.0898533528670669,0.05054678430315107,1.0405625626444817,0.0012560169852804393,0.829739898443222,1.0,2.12735412725272e-06
2,505,4.2454774379730225,1.3504177331924438e-07,42.45477294921875,0.7157862633466721,0.005106574855744839,0.7122121304273605,0.0015324532505474053,0.752114400267601,1.0,2.1083383191600676e-06
2,506,4.127746045589447,-4.936009645462036e-07,41.2774658203125,0.9231278970837593,0.08218642883002758,0.8416315279901028,0.0006899867585161701,0.817415401339531,1.0,2.0893851492135536e-06
2,507,4.364321947097778,7.066410034894943e-08,43.643218994140625,0.6179214119911194,0.0084306460339576,0.6110246106982231,0.0015338676676037721,0.8228365331888199,1.0,2.0704950279699986e-06
2,508,4.327182412147522,2.470333129167557e-07,43.271820068359375,0.3401852622628212,0.04062384460121393,0.30076928436756134,0.0012078639556420967,0.841675415635109,1.0,2.0516683646204836e-06
2,509,4.0988746881484985,7.078051567077637e-07,40.988739013671875,0.05187394097447395,0.055948206689208746,0.0018097609281539917,0.005884045327547938,0.7978264838457108,1.0,2.0329055669814936e-06
2,510,4.372686743736267,-9.918585419654846e-08,43.72686767578125,0.10337487864308059,0.08144330861978233,0.027070991694927216,0.005139402986969799,0.8508260399103165,1.0,2.0142070414860704e-06
2,511,4.494263112545013,3.6513665691018105e-07,44.942626953125,0.11764152348041534,0.07760245073586702,0.04907212778925896,0.0090330913226353,0.7615514397621155,1.0,1.9955731931750187e-06
2,512,4.303745627403259,1.0076910257339478e-06,43.037445068359375,0.7524174824357033,0.030034387717023492,0.7234228327870369,0.0010398066078778356,0.8506951630115509,1.0,1.9770044256881268e-06
2,513,4.413891136646271,-6.07222318649292e-07,44.138916015625,0.2037712149322033,0.05140509409829974,0.15463974326848984,0.0022736023092875257,0.8001588582992554,1.0,1.9585011412554276e-06
2,514,4.35151731967926,3.5762786865234375e-07,43.515167236328125,0.01571260392665863,0.060789965093135834,-0.04336382448673248,0.0017135492453235202,0.8475341647863388,1.0,1.9400637406884883e-06
2,515,4.124768495559692,3.3993273973464966e-07,41.2476806640625,0.6321234926581383,0.052078952081501484,0.5823797062039375,0.002335165860131383,0.73570416867733,1.0,1.921692623371709e-06
2,516,4.580383896827698,5.504116415977478e-07,45.8038330078125,0.6058131158351898,0.058519208803772926,0.5490561639890075,0.001762292959028855,0.8240348398685455,1.0,1.9033881872537009e-06
2,517,4.277535915374756,-1.9371509552001953e-07,42.775360107421875,0.619201947003603,0.05193309672176838,0.5687559992074966,0.0014871261737425812,0.8420615643262863,1.0,1.8851508288386404e-06
2,518,4.331671476364136,1.9045546650886536e-07,43.31671142578125,0.17953653633594513,0.014321096008643508,0.1681574359536171,0.0029420248902169988,0.7526770979166031,1.0,1.8669809431776998e-06
2,519,4.147521793842316,-2.2817403078079224e-07,41.4752197265625,1.0906320214271545,0.004682610277086496,1.087475560605526,0.0015260774016496725,0.7498718351125717,1.0,1.8488789238604682e-06
2,520,4.3789273500442505,-2.635642886161804e-07,43.789276123046875,0.7746254317462444,0.03175896033644676,0.7442603744566441,0.0013938158808741719,0.8485724329948425,1.0,1.8308451630064484e-06
2,521,4.1829110980033875,7.618218660354614e-07,41.8291015625,1.1686703972518444,0.012640836066566408,1.1647355984896421,0.00870602356735617,0.811812624335289,1.0,1.8128800512565519e-06
2,522,4.209719479084015,-5.159527063369751e-07,42.097198486328125,1.0862702578306198,0.036460008937865496,1.0514190569519997,0.0016087736003100872,0.8345419019460678,1.0,1.7949839777646333e-06
2,523,4.206491053104401,-8.114147931337357e-08,42.064910888671875,0.2253427393734455,0.030919811746571213,0.19737709313631058,0.002954153074824717,0.811990037560463,1.0,1.7771573301890666e-06
2,524,4.134948968887329,3.5390257835388184e-08,41.3494873046875,0.4459390928968787,0.02007206412963569,0.4273017053492367,0.001434664307453204,0.8484365046024323,1.0,1.7594004946843458e-06
2,525,4.770557403564453,5.293404683470726e-07,47.70556640625,-0.26422557421028614,0.03109391825273633,-0.290350204333663,0.004969288595020771,0.8090512603521347,1.0,1.7417138558927248e-06
2,526,4.253805100917816,-5.010515451431274e-07,42.538055419921875,1.2370289489626884,0.054965566378086805,1.1863308548927307,0.004267513068043627,0.8271095752716064,1.0,1.7240977969358763e-06
2,527,4.472779393196106,1.1096635716967285e-06,44.727783203125,0.8905636966228485,0.09161952510476112,0.8002617061138153,0.0013176043867133558,0.8188748955726624,1.0,1.7065526994065978e-06
2,528,4.084954798221588,-6.984919309616089e-09,40.84954833984375,0.7890258468687534,0.08118446520529687,0.7094470970332623,0.001605741952516837,0.8041413873434067,1.0,1.6890789433605508e-06
2,529,4.518210351467133,4.2654573917388916e-07,45.182098388671875,0.9095708653330803,0.054012146312743425,0.8574910163879395,0.001932303282956127,0.8631076663732529,1.0,1.671676907308018e-06
2,530,3.9981019496917725,6.705522537231445e-08,39.98101806640625,-0.8578805029392242,0.04992796992883086,-0.898653082549572,0.009155383391771466,0.8039045184850693,1.0,1.6543469682057105e-06
2,531,4.310687959194183,4.614703357219696e-07,43.10687255859375,-0.3936544135212898,0.034924250561743975,-0.41845128685235977,0.01012738369172439,0.7323622703552246,1.0,1.6370895014486e-06
2,532,3.8642494678497314,7.273629307746887e-07,38.642486572265625,-0.24626410752534866,-0.012445931322872639,-0.2269672453403473,0.006850969046354294,0.8568811565637589,1.0,1.61990488086179e-06
2,533,4.331238329410553,5.587935447692871e-07,43.3123779296875,0.21368927508592606,0.03812872851267457,0.17983750626444817,0.004276959298294969,0.7841324657201767,1.0,1.6027934786924187e-06
2,534,4.977285742759705,-1.210719347000122e-07,49.772857666015625,-0.03118465095758438,0.050406953785568476,-0.07600284367799759,0.0055887558264657855,0.8735225200653076,1.0,1.5857556656015837e-06
2,535,4.636168003082275,1.600012183189392e-06,46.361663818359375,0.6381106656044722,0.04227713122963905,0.5970900868996978,0.0012565838260343298,0.8612049371004105,1.0,1.5687918106563333e-06
2,536,4.364758312702179,-4.21423465013504e-08,43.6475830078125,0.3529990464448929,0.054772403091192245,0.29910315945744514,0.0008764881204115227,0.8316728174686432,1.0,1.551902281321651e-06
2,537,4.3908509612083435,1.1362135410308838e-07,43.90850830078125,0.5534443557262421,0.019916260498575866,0.5359932780265808,0.002465155761456117,0.8520621955394745,1.0,1.5350874434525142e-06
2,538,4.451162934303284,3.026798367500305e-08,44.511627197265625,0.5632126608397812,0.0729655702598393,0.49438432790338993,0.004137252981308848,0.8620935380458832,1.0,1.5183476612859544e-06
2,539,3.9030057191848755,-3.110617399215698e-07,39.030059814453125,0.38053856045007706,-0.025607296265661716,0.4078174941241741,0.0016716173777240328,0.8505876213312149,1.0,1.5016832974331729e-06
2,540,4.4483367800712585,-1.3085082173347473e-07,44.483367919921875,0.7342770099639893,0.02598689729347825,0.7089185863733292,0.000628485344350338,0.796594113111496,1.0,1.4850947128716918e-06
2,541,4.358407616615295,-9.499490261077881e-08,43.584075927734375,0.13257777132093906,-0.003154295962303877,0.1372793884947896,0.0015472906670765951,0.8327641934156418,1.0,1.4685822669375243e-06
2,542,4.256106019020081,-6.568152457475662e-07,42.561065673828125,0.264054074883461,0.03490887372754514,0.23464684933423996,0.005501633291714825,0.8279076516628265,1.0,1.4521463173173966e-06
2,543,4.022067368030548,-5.8673322200775146e-08,40.220672607421875,0.1781898271292448,0.016457228863146156,0.16700550448149443,0.005272909940686077,0.8244454562664032,1.0,1.4357872200409984e-06
2,544,4.6072763204574585,8.856877684593201e-07,46.07275390625,0.06325358152389526,0.04291642410680652,0.02762433886528015,0.007287224259926006,0.8092412054538727,1.0,1.4195053294732757e-06
2,545,4.531894266605377,3.0174851417541504e-07,45.318939208984375,0.4155804365873337,0.053792438469827175,0.3670895844697952,0.005301601800056233,0.8438289314508438,1.0,1.4033009983067454e-06
2,546,4.652566432952881,-1.9185245037078857e-07,46.525665283203125,0.49522940069437027,0.06951876450330019,0.42808227334171534,0.002371647540712729,0.882474735379219,1.0,1.3871745775538598e-06
2,547,4.3998777866363525,-1.7130514606833458e-07,43.998779296875,0.7932757288217545,0.06439710548147559,0.7301711440086365,0.0012925356913910946,0.8671136498451233,1.0,1.371126416539409e-06
2,548,4.278768479824066,-5.010515451431274e-07,42.787689208984375,0.7612999081611633,0.03387087245937437,0.732625812292099,0.005196709185838699,0.8621123880147934,1.0,1.3551568628929434e-06
2,549,4.433178901672363,-3.026798367500305e-09,44.331787109375,0.4921729788184166,0.06753448583185673,0.42579910159111023,0.0011605943145696074,0.8491458296775818,1.0,1.339266262541249e-06
2,550,4.400854587554932,4.6100467443466187e-08,44.008544921875,1.0644226018339396,0.05083474604180083,1.0139544047415257,0.0003665769036160782,0.8075053542852402,1.0,1.3234549597008572e-06
2,551,4.403714179992676,1.8347054719924927e-07,44.037139892578125,-0.10546936094760895,0.08115728944540024,-0.18207071721553802,0.004555977895506658,0.7661377638578415,1.0,1.30772329687058e-06
2,552,4.541406154632568,-1.5133991837501526e-07,45.4140625,0.5107171013951302,0.024335727095603943,0.48751769214868546,0.0011362843215465546,0.8393934220075607,1.0,1.2920716148241042e-06
2,553,4.377130389213562,1.3317912817001343e-07,43.77130126953125,0.29715974628925323,0.0361492782831192,0.2624590992927551,0.0014486429863609374,0.7923552095890045,1.0,1.2765002526025871e-06
2,554,4.435150861740112,4.414469003677368e-07,44.35150146484375,0.16803846135735512,0.07484010036569089,0.09994987538084388,0.006751531240297481,0.8369713127613068,1.0,1.2610095475073415e-06
2,555,4.458041071891785,-4.973262548446655e-07,44.580413818359375,0.6873230189085007,0.059201173949986696,0.6290055811405182,0.0008837321074679494,0.812441423535347,1.0,1.2455998350925042e-06
2,556,4.396832644939423,1.9173603504896164e-07,43.96832275390625,-0.1746324822306633,0.07130375094129704,-0.2407635673880577,0.005172699769900646,0.8039094358682632,1.0,1.2302714491577834e-06
2,557,4.531219184398651,-4.0512531995773315e-07,45.31219482421875,0.5844040811061859,0.019595705438405275,0.5693371444940567,0.004528829711489379,0.8547476977109909,1.0,1.2150247217412186e-06
2,558,4.042300581932068,6.915070116519928e-08,40.423004150390625,2.1247389018535614,0.016186477383598685,2.1087279319763184,0.00017549435142427683,0.8096243590116501,1.0,1.1998599831119912e-06
2,559,4.016052663326263,3.320164978504181e-07,40.1605224609375,-0.24382439255714417,0.006433829665184021,-0.24410263448953629,0.006155618306365795,0.8538709431886673,1.0,1.1847775617632746e-06
2,560,4.3690274357795715,-3.073364496231079e-07,43.690277099609375,0.07647212874144316,0.040920612576883286,0.04085178300738335,0.005300251388689503,0.8372385501861572,1.0,1.1697777844051105e-06
2,561,4.510254144668579,9.534414857625961e-08,45.1025390625,0.26863687206059694,0.026444553397595882,0.2460846919566393,0.0038923736865399405,0.8591032773256302,1.0,1.1548609759573375e-06
2,562,4.473697543144226,5.476176738739014e-07,44.736968994140625,0.5089202523231506,0.06766374129801989,0.4435957074165344,0.0023392109796986915,0.8537257760763168,1.0,1.1400274595425499e-06
2,563,4.764431476593018,-1.7974525690078735e-07,47.644317626953125,0.5115690380334854,0.08882143162190914,0.42899852991104126,0.006250862177694216,0.7739185243844986,1.0,1.1252775564791023e-06
2,564,4.46401059627533,-2.9802322387695312e-08,44.640106201171875,0.3773795776069164,0.07669417466968298,0.3031310401856899,0.002445580350467935,0.829134464263916,1.0,1.1106115862741457e-06
2,565,4.0006590485572815,-1.9185245037078857e-07,40.006591796875,0.37767039984464645,0.04602394998073578,0.33616150356829166,0.0045150416262913495,0.8557952791452408,1.0,1.096029866616704e-06
2,566,4.4518707394599915,-9.12696123123169e-08,44.518707275390625,0.7947510853409767,0.05440496793016791,0.7417546957731247,0.0014085528964642435,0.8407411873340607,1.0,1.0815327133708015e-06
2,567,4.29476010799408,-1.6205012798309326e-07,42.947601318359375,0.0942889153957367,0.07358458964154124,0.023134024813771248,0.0024296737974509597,0.7951042801141739,1.0,1.0671204405686108e-06
2,568,4.38813841342926,4.6193599700927734e-07,43.881378173828125,0.6127457991242409,0.023406002204865217,0.5915016494691372,0.002161872514989227,0.7914693802595139,1.0,1.052793360403655e-06
2,569,4.382678806781769,6.230548024177551e-07,43.8267822265625,0.3371919095516205,-0.0005308589898049831,0.3420581594109535,0.004335430916398764,0.8205782622098923,1.0,1.0385517832240472e-06
2,570,4.453579485416412,-2.896413207054138e-07,44.535797119140625,-0.3383222185075283,0.06104144989512861,-0.3914235904812813,0.007940046722069383,0.8378311395645142,1.0,1.0243960175257605e-06
2,571,4.178178012371063,1.137610524892807e-06,41.781768798828125,0.4376725680194795,0.03468129725661129,0.405478747561574,0.0024875320959836245,0.8170918375253677,1.0,1.010326369945957e-06
2,572,4.037506401538849,2.60770320892334e-07,40.37506103515625,0.4609105307608843,0.06675688538234681,0.39629046618938446,0.002136841503670439,0.830396294593811,1.0,9.963431452563331e-07
2,573,4.617513656616211,-3.5762786865234375e-07,46.175140380859375,1.6717250049114227,0.0572056625969708,1.6146284192800522,0.00010907511750701815,0.8660662621259689,1.0,9.824466463565246e-07
2,574,4.299511551856995,-1.5506520867347717e-07,42.9951171875,0.3098866939544678,0.047200293687637895,0.26629936322569847,0.003612888882344123,0.8380511850118637,1.0,9.686371742675443e-07
2,575,3.989984154701233,6.100162863731384e-08,39.89984130859375,0.16617253050208092,0.03311850968748331,0.1372701581567526,0.0042161344608757645,0.8034065216779709,1.0,9.549150281252633e-07
2,576,4.369061052799225,-3.1047966331243515e-07,43.69061279296875,0.21803387999534607,0.04877158673480153,0.1751408949494362,0.005878587660845369,0.7530769407749176,1.0,9.412805051739266e-07
2,577,4.022424638271332,3.8463622331619263e-07,40.2242431640625,0.5022329483181238,0.03527729969937354,0.46956919878721237,0.0026135773223359138,0.814748615026474,1.0,9.277339007597158e-07
2,578,4.32522314786911,1.9685830920934677e-07,43.252227783203125,-0.019640810787677765,0.058831107802689075,-0.07267123088240623,0.005800703045679256,0.8502319306135178,1.0,9.142755083243577e-07
2,579,3.9261414408683777,-3.585591912269592e-08,39.26141405105591,0.25943227484822273,-0.011876049684360623,0.2729550935328007,0.0016468088433612138,0.8207484483718872,1.0,9.009056193987569e-07
2,580,4.316241681575775,1.2549571692943573e-07,43.16241455078125,0.08771096169948578,0.04069091705605388,0.058937832713127136,0.011917768759303726,0.7845844030380249,1.0,8.876245235966884e-07
2,581,4.304693639278412,-1.2386590242385864e-07,43.04693603515625,0.25698733888566494,0.07151749823242426,0.18896041717380285,0.003490535709715914,0.8150506913661957,1.0,8.744325086085243e-07
2,582,4.837334752082825,-7.152557373046875e-07,48.37335205078125,1.2791701406240463,0.0549698572140187,1.2246617376804352,0.00046145820124365855,0.7771109938621521,1.0,8.613298601949971e-07
2,583,4.375964522361755,1.2759119272232056e-07,43.7596435546875,1.4300952441990376,0.019640006648842245,1.411745399236679,0.0012900575529783964,0.8423736095428467,1.0,8.483168621810133e-07
2,584,4.104633152484894,6.370246410369873e-07,41.04632568359375,0.5079689510166645,0.06412116764113307,0.44645874202251434,0.0026110668550245464,0.8557454496622086,1.0,8.353937964495029e-07
2,585,4.4032986760139465,-3.0174851417541504e-07,44.032989501953125,1.4195792973041534,0.028912909794598818,1.3909847736358643,0.000318367216095794,0.8286028951406479,1.0,8.225609429353187e-07
2,586,4.0940974950790405,-5.671754479408264e-07,40.94097900390625,0.9316757395863533,0.04211704758927226,0.8942546471953392,0.0046958634338807315,0.855399951338768,1.0,8.098185796191632e-07
2,587,4.45357084274292,8.102506399154663e-08,44.53570556640625,0.4291408881545067,0.044210802763700485,0.39199258387088776,0.007062511402182281,0.7982772588729858,1.0,7.971669825215789e-07
2,588,4.281421184539795,6.670597940683365e-08,42.814208984375,0.8181813624687493,0.06890066200867295,0.7517211697995663,0.0024404695723205805,0.8123322129249573,1.0,7.846064256969571e-07
2,589,4.085605621337891,5.913898348808289e-07,40.856048583984375,0.7844211235642433,0.03613091190345585,0.7495748996734619,0.0012847135221818462,0.8292339891195297,1.0,7.72137181227608e-07
2,590,4.279153227806091,-1.9837170839309692e-07,42.791534423828125,0.6893647871911526,0.0748520027846098,0.6157334893941879,0.0012207168765598908,0.8270949423313141,1.0,7.597595192178702e-07
2,591,3.8784485459327698,4.0978193283081055e-08,38.78448486328125,0.48405021615326405,0.08553211513208225,0.40381335467100143,0.0052952367113903165,0.81172676384449,1.0,7.47473707788251e-07
2,592,4.454284846782684,5.2386894822120667e-08,44.5428466796875,0.29067806154489517,0.04507314821239561,0.24793716147542,0.0023322308152273763,0.8102452456951141,1.0,7.352800130696253e-07
2,593,4.864178657531738,1.695007085800171e-07,48.64178466796875,1.377603845205158,0.036981696262955666,1.3444476686418056,0.0038254638711805455,0.8501453697681427,1.0,7.231786991974665e-07
2,594,4.411886632442474,-4.6566128730773926e-09,44.118865966796875,0.5470435544848442,0.02194805582985282,0.5268845185637474,0.0017890227027237415,0.8838678300380707,1.0,7.111700283061318e-07
2,595,4.320620179176331,-6.812042556703091e-07,43.206207275390625,0.4384473282843828,0.029624655842781067,0.41153634898364544,0.0027136405697092414,0.8051464855670929,1.0,6.992542605231739e-07
2,596,4.055789351463318,1.3830140233039856e-07,40.557891845703125,0.21999158710241318,0.03835075907409191,0.18727454543113708,0.0056337357382290065,0.8394799679517746,1.0,6.874316539637127e-07
2,597,4.4256256222724915,-3.3993273973464966e-08,44.256256103515625,0.5488888025283813,0.04017779533751309,0.5110873281955719,0.0023762885539326817,0.8356005400419235,1.0,6.757024647248456e-07
2,598,4.62954169511795,4.4517219066619873e-07,46.29541015625,0.25576242431998253,0.08458303846418858,0.17527415975928307,0.0040947944653453305,0.8291191905736923,1.0,6.640669468800947e-07
2,599,4.525055408477783,5.043111741542816e-07,45.25054931640625,1.9556348621845245,0.060081176154199056,1.8963843509554863,0.0008306891249958426,0.7762367278337479,1.0,6.52525352473905e-07
2,600,4.689068615436554,-2.2724270820617676e-07,46.89068603515625,0.3631978463381529,0.08313068002462387,0.28390615060925484,0.003838952354271896,0.8357392251491547,1.0,6.410779315161885e-07
2,601,3.7388641834259033,0.0,37.388641357421875,0.1849730545654893,0.034996771602891386,0.156960129737854,0.006983853178098798,0.8627353757619858,1.0,6.297249319769016e-07
2,602,3.941843271255493,4.945322871208191e-07,39.418426513671875,0.38268159329891205,0.0396594840567559,0.3458571583032608,0.0028350554639473557,0.8467046767473221,1.0,6.184665997806827e-07
2,603,4.531805336475372,-2.849847078323364e-07,45.31805419921875,0.4022841453552246,0.07395171746611595,0.3307329788804054,0.002400510013103485,0.7968271523714066,1.0,6.073031788015133e-07
2,604,4.475311458110809,1.5832483768463135e-07,44.75311279296875,0.6466477243229747,0.04021519422531128,0.60952053591609,0.003088036726694554,0.8456341177225113,1.0,5.962349108574478e-07
2,605,4.784249842166901,-1.0803341865539551e-07,47.842498779296875,0.4918723292648792,0.06962029391434044,0.4234534688293934,0.0012014415697194636,0.7920065373182297,1.0,5.852620357053651e-07
2,606,3.706430435180664,2.5331974029541016e-07,37.064300537109375,0.4951614886522293,0.0029376342426985502,0.4978331960737705,0.005609331070445478,0.8747277855873108,1.0,5.743847910357836e-07
2,607,4.494375467300415,-1.7997808754444122e-07,44.943756103515625,0.37390199303627014,0.04711714666336775,0.3309650421142578,0.004180205025477335,0.8351537883281708,1.0,5.636034124677043e-07
2,608,4.02441132068634,2.1141022443771362e-07,40.244110107421875,0.2040756531059742,0.03790386184118688,0.17189308255910873,0.005721282956073992,0.7921149283647537,1.0,5.529181335435119e-07
2,609,4.435458719730377,2.784654498100281e-07,44.354583740234375,0.8690750449895859,0.034325817599892616,0.8364567905664444,0.0017075750511139631,0.861065223813057,1.0,5.423291857239177e-07
2,610,3.9630340933799744,-5.362089723348618e-07,39.63034629821777,0.1443365439772606,0.06635004561394453,0.07966291531920433,0.001676425657933578,0.7847046405076981,1.0,5.318367983829393e-07
2,611,4.175134241580963,-1.564621925354004e-07,41.7513427734375,-0.19813892990350723,0.050413624849170446,-0.23915866389870644,0.009393878950504586,0.8787945657968521,1.0,5.214411988029355e-07
2,612,3.9972010254859924,-4.932517185807228e-07,39.972015380859375,0.4944838434457779,0.031370169162983075,0.4654448628425598,0.0023311733402806567,0.8542754799127579,1.0,5.111426121696866e-07
2,613,4.468348503112793,1.346692442893982e-06,44.6834716796875,0.47351549565792084,0.04968190658837557,0.426760271191597,0.002926744142314419,0.8393841534852982,1.0,5.009412615675102e-07
2,614,4.213846564292908,5.569308996200562e-07,42.138458251953125,0.8922937586903572,0.033956166822463274,0.8588214367628098,0.000483877956867218,0.8314283043146133,1.0,4.908373679744316e-07
2,615,4.317797958850861,2.9802322387695312e-08,43.177978515625,0.31555477529764175,0.04400553414598107,0.2744155786931515,0.0028663311386480927,0.8704410493373871,1.0,4.80831150257397e-07
2,616,4.190445065498352,1.6763806343078613e-08,41.904449462890625,0.01662539876997471,0.09287436446174979,-0.07217418309301138,0.004074783879332244,0.8243705034255981,1.0,4.709228251675357e-07
2,617,4.504635453224182,-9.220093488693237e-08,45.046356201171875,0.4336717501282692,0.07051150687038898,0.36747355945408344,0.004313302175432909,0.843113511800766,1.0,4.6111260733545714e-07
2,618,4.06157261133194,2.9604416340589523e-07,40.61572265625,0.775211863219738,0.06231220904737711,0.7141396999359131,0.0012400836931192316,0.7684312164783478,1.0,4.514007092666084e-07
2,619,4.696306467056274,-1.0468065738677979e-06,46.96307373046875,0.5888866297900677,0.06828046776354313,0.5250098928809166,0.004403710554470308,0.842085212469101,1.0,4.417873413366702e-07
2,620,4.2682985663414,2.0954757928848267e-07,42.6829833984375,0.9059326145797968,0.04940526373684406,0.8576034279540181,0.0010760603618109599,0.8287728875875473,1.0,4.322727117869951e-07
2,621,4.267890691757202,1.3386597856879234e-06,42.67889404296875,-0.32490507885813713,0.005818534642457962,-0.3228947389870882,0.007828882618923672,0.8534593135118484,1.0,4.228570267201054e-07
2,622,4.137698411941528,8.381903171539307e-08,41.376983642578125,0.9795824885368347,0.02260433346964419,0.9581358656287193,0.0011576986180443782,0.8443818837404251,1.0,4.1354049009521504e-07
2,623,4.0741607546806335,-2.0489096641540527e-08,40.741607666015625,0.18032558634877205,0.08830150403082371,0.09987164288759232,0.007847530767321587,0.8477289527654648,1.0,4.043233037238281e-07
2,624,4.583978116512299,-4.1350722312927246e-07,45.83978271484375,0.9745984598994255,0.04650142602622509,0.9291102364659309,0.0010131621384061873,0.7729822397232056,1.0,3.9520566726535367e-07
2,625,4.778628349304199,-3.8743019104003906e-07,47.786285400390625,-0.824023574590683,0.04562697932124138,-0.8581959009170532,0.01145464152796194,0.8798477947711945,1.0,3.8618777822278854e-07
2,626,4.475505948066711,-1.3764947652816772e-06,44.755072593688965,0.9576279819011688,0.01985075743868947,0.9384810850024223,0.0007037936011329293,0.7856622636318207,1.0,3.772698319384349e-07
2,627,4.655807733535767,1.5832483768463135e-08,46.558074951171875,1.2080868408083916,0.06164509826339781,1.1474281996488571,0.0009864879066299181,0.7876292318105698,1.0,3.684520215896703e-07
2,628,4.443926513195038,-4.746034392155707e-07,44.43927001953125,0.7195915784686804,0.04460321832448244,0.675855964422226,0.0008675826393300667,0.8782851994037628,1.0,3.597345381847656e-07
2,629,4.44253796339035,-6.100162863731384e-07,44.425384521484375,0.7159292884171009,0.058143678412307054,0.6598603650927544,0.0020747181406477466,0.8437221944332123,1.0,3.511175705587433e-07
2,630,4.504825115203857,1.5692785382270813e-07,45.048248291015625,0.2842676150612533,0.0647242316044867,0.22159692645072937,0.0020535431067401078,0.8362080156803131,1.0,3.426013053692878e-07
2,631,4.124026596546173,1.7834827303886414e-07,41.240264892578125,1.041242390871048,0.031684296671301126,1.0128534734249115,0.003295392081781756,0.8593923002481461,1.0,3.341859270927067e-07
2,632,4.144314706325531,5.4016709327697754e-08,41.443145751953125,0.5912176221609116,0.04224053805228323,0.551496610045433,0.0025195269408868626,0.8012895733118057,1.0,3.258716180199278e-07
2,633,4.374686002731323,4.163011908531189e-07,43.746856689453125,0.19068393856287003,0.05255072005093098,0.14268577098846436,0.004552599108137656,0.8041248470544815,1.0,3.1765855825255543e-07
2,634,4.650786757469177,-6.593763828277588e-07,46.50787353515625,0.24228445813059807,0.05285325739532709,0.19136276096105576,0.0019315037643536925,0.8395444452762604,1.0,3.0954692569896585e-07
2,635,4.594659686088562,1.9418075680732727e-07,45.94659423828125,0.2029037345200777,0.04184516004170291,0.16562970727682114,0.0045711387356277555,0.8741581439971924,1.0,3.015368960704584e-07
2,636,4.47643780708313,4.367466317489743e-07,44.764373779296875,0.6093417257070541,0.02597338054329157,0.5857048407196999,0.002336534382266109,0.7891344130039215,1.0,2.9362864287744266e-07
2,637,4.232760548591614,-6.332993507385254e-08,42.327606201171875,0.6104566752910614,0.0770150835160166,0.5362515188753605,0.0028099289193050936,0.84591343998909,1.0,2.858223374256841e-07
2,638,5.044006645679474,-2.8870999813079834e-08,50.4400634765625,0.7275256887078285,0.05273111048154533,0.6767069138586521,0.0019123816746287048,0.8085755109786987,1.0,2.7811814881259503e-07
2,639,4.439749181270599,-1.862645149230957e-08,44.397491455078125,0.5792205780744553,0.04630470275878906,0.5349642783403397,0.0020483903354033828,0.8286608010530472,1.0,2.705162439235648e-07
2,640,4.277493357658386,7.82310962677002e-08,42.774932861328125,0.874422887340188,0.028256094083189964,0.8473551273345947,0.0011883341067004949,0.8662374764680862,1.0,2.63016787428354e-07
2,641,4.584710597991943,-6.705522537231445e-08,45.84710693359375,0.5890255067497492,0.06558314617723227,0.5259674750268459,0.00252510152040486,0.8448302447795868,1.0,2.556199417775174e-07
2,642,4.448321282863617,-3.1478703022003174e-07,44.48321533203125,0.7442634552717209,0.00941917672753334,0.7364793866872787,0.0016350889054592699,0.8599624633789062,1.0,2.483258671988942e-07
2,643,4.441138029098511,2.6728957891464233e-07,44.411376953125,1.00470020622015,0.02725613582879305,0.9780833721160889,0.0006393483708961867,0.8408030420541763,1.0,2.4113472169413176e-07
2,644,4.9160460233688354,-2.812594175338745e-07,49.16046142578125,0.4865029752254486,0.06513985786295962,0.4227670207619667,0.0014039007683095406,0.8770018070936203,1.0,2.3404666103526542e-07
2,645,4.777225017547607,2.6170164346694946e-07,47.772247314453125,0.41635461896657944,0.07958261156454682,0.3451295979321003,0.008357605809578672,0.7849303036928177,1.0,2.2706183876134047e-07
2,646,3.9876270294189453,-1.180451363325119e-06,39.87628173828125,1.140883706510067,0.022791833383962512,1.1192258223891258,0.0011338281983626075,0.8659252971410751,1.0,2.2018040617509174e-07
2,647,4.127512037754059,3.473833203315735e-07,41.275115966796875,0.5797217842191458,0.00550243491306901,0.5794945741072297,0.0052752669143956155,0.8402386456727982,1.0,2.134025123396638e-07
2,648,4.52859228849411,1.8044374883174896e-07,45.285919189453125,0.283542737364769,0.05890990514308214,0.2276943325996399,0.0030615478190156864,0.7112819701433182,1.0,2.0672830407537925e-07
2,649,4.756622791290283,3.3527612686157227e-07,47.56622314453125,0.6879324615001678,0.07174415630288422,0.6184357032179832,0.002247375166916754,0.8188012391328812,1.0,2.0015792595656225e-07
2,650,4.454501628875732,5.3085386753082275e-08,44.545013427734375,0.45621315762400627,0.029495155904442072,0.428537979722023,0.0018199950573034585,0.8574473708868027,1.0,1.9369152030840553e-07
2,651,3.765670955181122,1.3364478945732117e-07,37.656707763671875,0.8555790334939957,0.06541842315346003,0.7917002737522125,0.0015396954404423013,0.8284560739994049,1.0,1.873292272038868e-07
2,652,4.366821348667145,-5.448237061500549e-08,43.668212890625,1.0334468334913254,0.012832105159759521,1.0217629745602608,0.0011482090776553378,0.8368397504091263,1.0,1.8107118446073492e-07
2,653,4.430434823036194,-4.392932169139385e-07,44.304351806640625,0.8656556345522404,0.04544845246709883,0.8212400265038013,0.0010327999661967624,0.8314808011054993,1.0,1.7491752763844294e-07
2,654,4.297399818897247,-2.681044861674309e-07,42.9739990234375,0.32176944985985756,0.04851612192578614,0.2765294499695301,0.003276112263847608,0.8648485690355301,1.0,1.688683900353366e-07
2,655,4.650216817855835,1.1082738637924194e-07,46.502166748046875,0.6140076853334904,0.04394564428366721,0.5714012756943703,0.0013392703258432448,0.837911069393158,1.0,1.6292390268568048e-07
2,656,4.462146282196045,1.9744038581848145e-07,44.6214599609375,0.11754633113741875,0.01678043440915644,0.10773341357707977,0.006967581168282777,0.8214340656995773,1.0,1.5708419435684463e-07
2,657,4.650723576545715,3.1478703022003174e-07,46.507232666015625,0.5874193385243416,0.0627183299511671,0.5263175144791603,0.0016165411507245153,0.8366955816745758,1.0,1.5134939154651196e-07
2,658,4.393542170524597,-2.3179745767265558e-07,43.9354248046875,0.7190809100866318,0.027726301457732916,0.692529559135437,0.0011749684053938836,0.8432612717151642,1.0,1.4571961847993977e-07
2,659,5.054394483566284,-1.3597309589385986e-07,50.5439453125,0.91043721139431,0.099988111294806,0.8109496533870697,0.0005005148414056748,0.7821086645126343,1.0,1.4019499710726913e-07
2,660,4.976501822471619,3.157183527946472e-07,49.7650146484375,1.0671284776180983,0.01909791585057974,1.0536525510251522,0.0056218803219962865,0.8357382416725159,1.0,1.3477564710088097e-07
2,661,4.572881102561951,-9.723007678985596e-07,45.72882080078125,0.057334840297698975,0.025279072113335133,0.03781034052371979,0.005754529876867309,0.8460585623979568,1.0,1.294616858528064e-07
2,662,4.335265696048737,1.648440957069397e-07,43.3526554107666,1.0665211752057076,0.032209247117862105,1.0362491458654404,0.0019372208043932915,0.8556067496538162,1.0,1.2425322847218368e-07
2,663,4.2048404812812805,3.6158598959445953e-07,42.04840087890625,0.6943954154849052,0.012425997294485569,0.6900871321558952,0.008117697470879648,0.822278305888176,1.0,1.1915038778276212e-07
2,664,4.08169561624527,-8.568167686462402e-08,40.81695556640625,1.5079529248178005,0.03345541840826627,1.4750455245375633,0.0005480345280375332,0.8327352106571198,1.0,1.1415327432046041e-07
2,665,5.179278016090393,-5.603069439530373e-07,51.79278564453125,0.6093031410127878,0.0955560002475977,0.5172876068390906,0.0035404648442636244,0.7935739159584045,1.0,1.0926199633097156e-07
2,666,3.819946527481079,2.0489096641540527e-08,38.199462890625,0.9327067211270332,-0.00705643929541111,0.9403397887945175,0.000576589533011429,0.8326170146465302,1.0,1.044766597674196e-07
2,667,4.543078720569611,-3.166496753692627e-08,45.4307861328125,1.1272146329283714,0.011974291526712477,1.1165205463767052,0.0012801989214494824,0.8087126165628433,1.0,9.979736828806096e-08
2,668,4.816827178001404,-4.414469003677368e-07,48.16827392578125,1.1663500368595123,0.04774215701036155,1.1190558075904846,0.00044792935932491673,0.8304983228445053,1.0,9.522422325404234e-08
2,669,3.997405529022217,-5.406327545642853e-07,39.97406005859375,0.37882257997989655,0.06371338292956352,0.32165753841400146,0.006548293531523086,0.8512350171804428,1.0,9.075732372720414e-08
2,670,4.249331891536713,1.1734664440155029e-07,42.493316650390625,0.30713484715670347,0.08266032673418522,0.2277164338156581,0.003241923841414973,0.8505029231309891,1.0,8.639676646793382e-08
2,671,4.6437652707099915,-1.2898817658424377e-07,46.437652587890625,1.2193096056580544,0.0751040184404701,1.145620547235012,0.0014148692425806075,0.851772353053093,1.0,8.214264593307097e-08
2,672,4.568520665168762,-4.1280873119831085e-07,45.685211181640625,-0.039621006697416306,0.13022931199520826,-0.16491010040044785,0.00494021345366491,0.8267762064933777,1.0,7.799505427386001e-08
2,673,4.432339072227478,-3.0081719160079956e-07,44.323394775390625,0.29841117560863495,0.019394876435399055,0.28242190182209015,0.0034055943688144907,0.8747554272413254,1.0,7.395408133395509e-08
2,674,4.295620918273926,1.0826624929904938e-07,42.956207275390625,0.31571969017386436,0.008917505387216806,0.31077228486537933,0.00397011521999957,0.8016632199287415,1.0,7.001981464747565e-08
2,675,5.251617431640625,-1.1664815247058868e-07,52.51617431640625,1.504125639796257,0.09731182921677828,1.407295398414135,0.0004815732827410102,0.845603808760643,1.0,6.61923394371039e-08
2,676,5.018508791923523,-2.4400651454925537e-07,50.185089111328125,0.272053926368244,0.08014335203915834,0.19668440707027912,0.004773795255459845,0.8822965621948242,1.0,6.247173861224753e-08
2,677,4.330917716026306,2.123415470123291e-07,43.309173583984375,0.7966600246727467,0.054554953560000286,0.7433997457846999,0.0012947119248565286,0.8478849530220032,1.0,5.8858092767236084e-08
2,678,4.510803699493408,3.4103868529200554e-07,45.1080322265625,0.6599049493670464,0.0021438502008095384,0.6589959673583508,0.0012349154858384281,0.8536534309387207,1.0,5.535148017958014e-08
2,679,4.337252676486969,-1.9883736968040466e-07,43.372528076171875,-0.011329606175422668,0.08012893609702587,-0.08662322908639908,0.00483533667284064,0.840302437543869,1.0,5.19519768082738e-08
2,680,4.347034275531769,6.533227860927582e-07,43.4703369140625,0.8116025030612946,0.039396162144839764,0.774439467350021,0.0022331889558699913,0.8299752920866013,1.0,4.865965629214819e-08
2,681,5.307473659515381,-2.1606683731079102e-07,53.074737548828125,0.23144474625587463,0.09831542614847422,0.13868946582078934,0.0055601480016775895,0.8127556443214417,1.0,4.5474589948280026e-08
2,682,4.316223740577698,3.869645297527313e-07,43.1622314453125,0.5719182454049587,0.049298109603114426,0.5237054247409105,0.0010853427229449153,0.8900837898254395,1.0,4.2396846770441644e-08
2,683,4.511919975280762,-3.3527612686157227e-07,45.11920166015625,0.4567217528820038,0.025885708164423704,0.43343451619148254,0.002598434337414801,0.7568883150815964,1.0,3.9426493427611177e-08
2,684,4.008215665817261,2.0116567611694336e-07,40.0821533203125,0.9970090053975582,0.028616410156246275,0.9699223791249096,0.0015297835634555668,0.8488213121891022,1.0,3.65635942625242e-08
2,685,4.136600017547607,2.6196357794106007e-07,41.365997314453125,0.41861700266599655,0.009245339082553983,0.4105943739414215,0.0012227081824676134,0.7287444323301315,1.0,3.3808211290284886e-08
2,686,4.588931560516357,1.4272518455982208e-07,45.889312744140625,0.28317683935165405,0.0580262029543519,0.22857287526130676,0.003422292327741161,0.8013616353273392,1.0,3.1160404197018155e-08
2,687,4.760208547115326,2.1047890186309814e-07,47.602081298828125,0.9991965293884277,0.061526259407401085,0.9381361603736877,0.0004658684410969727,0.8259044587612152,1.0,2.8620230338578526e-08
2,688,4.935299336910248,-5.341134965419769e-07,49.352996826171875,0.36589502543210983,0.08453020453453064,0.28413164243102074,0.002766808946034871,0.8075129836797714,1.0,2.6187744739308297e-08
2,689,4.556152522563934,1.9278377294540405e-07,45.5615234375,0.37979077734053135,-0.008809186168946326,0.3914692886173725,0.0028693976273643784,0.8338910937309265,1.0,2.386300009084408e-08
2,690,4.659387469291687,1.9976869225502014e-07,46.5938720703125,0.9449173212051392,0.049822614062577486,0.897621750831604,0.0025270222540711984,0.8325353562831879,1.0,2.1646046750978255e-08
2,691,4.618773877620697,-6.556510925292969e-07,46.187744140625,0.4686456173658371,0.00819839583709836,0.46401263773441315,0.0035654026723932475,0.8281997591257095,1.0,1.953693274256374e-08
2,692,4.677978992462158,3.166496753692627e-07,46.77978515625,1.2861397974193096,0.0755786020308733,1.2130144257098436,0.0024532555835321546,0.8361060619354248,1.0,1.753570375247815e-08
2,693,4.414916753768921,-3.129243850708008e-07,44.149169921875,0.5933225732296705,0.04154619574546814,0.5535253365524113,0.0017489303572801873,0.8423973768949509,1.0,1.5642403130632367e-08
2,694,3.8409667015075684,-1.3242242857813835e-07,38.40966796875,0.2285398691892624,-0.017974705551750958,0.2482242612168193,0.001709649368422106,0.7968751490116119,1.0,1.3857071889029073e-08
2,695,4.505093216896057,-3.902241587638855e-07,45.050933837890625,0.38242506980895996,0.0646343866828829,0.3214504048228264,0.003659692854853347,0.8252012431621552,1.0,1.2179748700879013e-08
2,696,4.893866300582886,1.4528632164001465e-07,48.93865966796875,0.24532905407249928,0.017966873827390373,0.23181414604187012,0.004451946122571826,0.7913462221622467,1.0,1.0610469899760001e-08
2,697,4.160473704338074,-4.470348358154297e-08,41.604736328125,1.075789287686348,0.04316887119784951,1.0347338169813156,0.0021134219546183886,0.8393399119377136,1.0,9.14926947883088e-09
2,698,4.181274354457855,-1.0896474123001099e-07,41.812744140625,0.007340047508478165,0.052587087731808424,-0.04283231496810913,0.002414710834273137,0.8331207036972046,1.0,7.796179090094891e-09
2,699,4.575104117393494,1.8114224076271057e-07,45.75103759765625,0.8853784501552582,0.06199365062639117,0.8242418169975281,0.0008570421632612124,0.7650819569826126,1.0,6.551228043715218e-09
2,700,4.396011829376221,4.153698682785034e-07,43.960113525390625,0.36365328542888165,0.04818376002367586,0.3170100525021553,0.0015405716476379894,0.8048949688673019,1.0,5.414443307377171e-09
2,701,4.475461423397064,5.480833351612091e-07,44.754608154296875,0.7206627074629068,0.07346415147185326,0.6512719988822937,0.004073452728334814,0.8066170811653137,1.0,4.385849505708084e-09
2,702,4.086739659309387,-4.936009645462036e-07,40.867401123046875,0.9573970958590508,0.07989668380469084,0.8780719414353371,0.0005714820654247887,0.7724482715129852,1.0,3.4654689197405335e-09
2,703,4.1604339480400085,-8.754432201385498e-08,41.604339599609375,-0.010523686185479164,0.050409126095473766,-0.056411366909742355,0.004521468130405992,0.8040237426757812,1.0,2.6533214864310485e-09
2,704,3.9590548276901245,2.675224095582962e-07,39.590545654296875,0.6489615850150585,0.0706201977445744,0.5867655910551548,0.008424206345807761,0.8455676138401031,1.0,1.9494247982282386e-09
2,705,4.420523524284363,3.334134817123413e-07,44.205230712890625,0.3562018759548664,0.0555351790972054,0.3059507133439183,0.005284052742354106,0.8452254384756088,1.0,1.3537941026914302e-09
2,706,3.9885958433151245,1.4272518455982208e-07,39.885955810546875,0.8070768415927887,0.0598302218131721,0.7488866150379181,0.001639989306568168,0.8369187563657761,1.0,8.664423021614854e-10
2,707,4.462060451507568,-1.5133991837501526e-07,44.62060546875,0.26833080500364304,0.08294545952230692,0.1870481395162642,0.0016627457225695252,0.8286867588758469,1.0,4.87379953478806e-10
2,708,5.142953515052795,-1.3085082173347473e-07,51.429534912109375,0.3086684746667743,0.11319588776677847,0.19832633808255196,0.0028537510661408305,0.8370390385389328,1.0,2.1661526775795804e-10
2,709,4.438518285751343,-1.026783138513565e-06,44.38519287109375,1.378736972808838,0.05843647010624409,1.3211823850870132,0.0008818428832455538,0.7891131788492203,1.0,5.4154110206150465e-11
2,710,3.839160203933716,-7.450580596923828e-08,38.3916015625,0.09767952561378479,0.06034501641988754,0.03978773206472397,0.0024532212410122156,0.869011402130127,1.0,0.0
